place_id,名称,種別,カテゴリ,サブカテゴリ,住所,latitude,longitude,公式WebページURL,GoogleマップURL_確定,google_place_id,Google評価,口コミ件数,電話番号,おすすめ度,オーナー推し度,オーナーおすすめ順,オーナー評価メモ,削除予定,自動提案,おすすめ用途,おすすめ時間帯,対象,除外条件,公開メモ,運営メモ,管理更新日,営業_月,営業_火,営業_水,営業_木,営業_金,営業_土,営業_日,営業時間1_開始,営業時間1_終了,営業時間2_開始,営業時間2_終了,営業時間3_開始,営業時間3_終了,営業日_override,営業時間_override,定休日_override,朝食向き_override,おやつ向き_override,昼食向き_override,夕食向き_override,休憩向き_override,観光向き_override,買い物向き_override,雨の日向き_override,子ども向き_override,高齢者向き_override,一人向き_override,短時間立寄り向き_override,体験・できること,最短滞在時間_分_override,推奨滞在時間_分_override,最大滞在時間_分_override,屋内外,徒歩アクセス難易度,坂道,トイレ,多目的トイレ,座れる場所,車椅子対応,駐車場,最寄りバス停,情報源_web,飲食タグ_日本酒,飲食タグ_クラフトビール,飲食タグ_うなぎ,飲食タグ_肉,飲食タグ_とんかつ,飲食タグ_ステーキ,飲食タグ_寿司,飲食タグ_そば,飲食タグ_洋食,飲食タグ_中華,飲食タグ_定食,飲食タグ_カフェ,飲食タグ_スイーツ,飲食タグ_テイクアウト,飲食タグ_地元料理,確認ステータス
R001,本田食堂,飲食店,洋食レストラン,洋食レストラン,〒393-0056 長野県諏訪郡下諏訪町広瀬町5382,36.073553943298606,138.08504066689326,,,,4.7,160,080-8729-6671,4,4,,,,normal,,,,,"https://www.google.com/maps/place/%E6%9C%AC%E7%94%B0%E9%A3%9F%E5%A0%82/@36.0732591,138.0838134,19.08z/data=!4m9!1m2!2m1!1z44CSMzkzLTAwMDAg6ZW36YeO55yM6KuP6Kiq6YOh5LiL6KuP6Kiq55S65pyo44Gu5LiLMzU1Ng!3m5!1s0x601c55573bffffff:0x7505720bf099d4f6!8m2!3d36.0735003!4d138.0849658!16s%2Fg%2F11k3prtyrg?authuser=0&entry=ttu&g_ep=EgoyMDI2MDgyNi4wIKXMDSoASAFQAw%3D%3D",,2026-09-05,no,yes,yes,yes,yes,yes,no,11:30,14:00,18:00,22:00,,,火・水・木・金・土,11:30-14:00 / 18:00-22:00,日・月,,yes,yes,yes,,no,,yes,,,,,食べる,45,45-90,90,indoor,unknown,unknown,yes,unknown,unknown,unknown,yes,,https://shimosuwaonsen.jp/food/11051/;https://www.google.com/maps/search/?api=1&query=本田食堂%20下諏訪町,,,,,,,,,,,,,,,,要公式確認
R002,ビストロ・サ・マッシュ,飲食店,ビストロ,ビストロ,〒393-0041 長野県諏訪郡下諏訪町一つ浜4735-2,36.063859,138.0849968,,https://maps.google.com/?cid=14274168276857001667&g_mp=Cidnb29nbGUubWFwcy5wbGFjZXMudjEuUGxhY2VzLlNlYXJjaFRleHQQAhgBIAA&hl=ja&gl=jp&source=apiv3,ChIJu5eAdF5VHGARwxY2hmsIGMY,4.4,76,0266-27-7908,3,2,,,,normal,,,,,,,2026-09-05,,,,,,,,,,,,,,,,,,,,,,,,,,,,,食べる,,,,indoor,unknown,unknown,unknown,unknown,unknown,unknown,yes,,https://www.suwa-tourism.jp/archives/002104.php,,,,,,,,,,,,,,,,要公式確認
R003,つけめん参城,飲食店,ラーメン,ラーメン,〒393-0031 長野県諏訪郡下諏訪町東豊6085-1,36.071191639928465,138.09120010181624,,,,4.3,371,0266-78-6915,3,2,,,,normal,,,,,"https://www.google.com/maps/place/%E3%81%A4%E3%81%91%E3%82%81%E3%82%93%E5%8F%82%E5%9F%8E/@36.071638,138.0863589,16.81z/data=!4m9!1m2!2m1!1z44CSMzkzLTAwMDAg6ZW36YeO55yM6KuP6Kiq6YOh5LiL6KuP6Kiq55S65pyo44Gu5LiLMzU1Ng!3m5!1s0x601c5544c42f72bd:0x6f3023d7ec80a1cd!8m2!3d36.0711609!4d138.0912212!16s%2Fg%2F11ckqr7726?authuser=0&entry=ttu&g_ep=EgoyMDI2MDgyNi4wIKXMDSoASAFQAw%3D%3D",,2026-09-05,yes,yes,yes,yes,yes,no,no,11:00,15:00,,,,,月・火・水・木・金,11:00-15:00,土・日,,,yes,,,no,,yes,,,yes,yes,食べる,30,30-45,45,indoor,unknown,unknown,unknown,unknown,unknown,no,yes,,https://www.toco-suwa.com/detail/161/news/news-215587.html;https://www.google.com/maps/search/?api=1&query=つけめん参城%20下諏訪,,,,,,,,,,,,,,,,要公式確認
R004,とんねるや,飲食店,そば,そば,〒393-0035 長野県諏訪郡下諏訪町西豊6175-11,36.06636595790333,138.0919779817921,,,,4.1,302,0266-27-6315,3,3,,,,normal,,,,,"https://www.google.com/maps/place/%E3%81%A8%E3%82%93%E3%81%AD%E3%82%8B%E3%82%84/@36.0667146,138.0772685,15.48z/data=!4m9!1m2!2m1!1z44CSMzkzLTAwMDAg6ZW36YeO55yM6KuP6Kiq6YOh5LiL6KuP6Kiq55S65pyo44Gu5LiLMzU1Ng!3m5!1s0x601c55431a68bc9f:0xec3f4a990e6708ae!8m2!3d36.0660341!4d138.0918948!16s%2Fg%2F1thln459?authuser=0&entry=ttu&g_ep=EgoyMDI2MDgyNi4wIKXMDSoASAFQAw%3D%3D",,2026-09-05,yes,yes,no,yes,yes,yes,yes,11:00,14:00,17:30,21:00,,,月・火・木・金・土・日,11:00-14:00 / 17:30-21:00 ※火は昼のみ,水,,,yes,yes,,no,,yes,,,yes,yes,食べる,30,30-45,45,indoor,unknown,unknown,unknown,unknown,unknown,unknown,yes,,https://soba-tonneruya.com/about;https://soba-tonneruya.com/info,,,,,,,,,,,,,,,,要公式確認
R005,うなぎ林屋,飲食店,うなぎ,うなぎ,〒393-0076 長野県諏訪郡下諏訪町矢木西31,36.07620118456391,138.07894742139658,,,,4.4,738,0266-28-8372,5,4,,,,normal,,,,,"https://www.google.com/maps/place/%E3%81%86%E3%81%AA%E3%81%8E%E6%9E%97%E5%B1%8B/@36.0675114,138.0603257,15.48z/data=!4m9!1m2!2m1!1z44CSMzkzLTAwMDAg6ZW36YeO55yM6KuP6Kiq6YOh5LiL6KuP6Kiq55S65pyo44Gu5LiLMzU1Ng!3m5!1s0x601cffff0945a68b:0x80df128a912566de!8m2!3d36.075578!4d138.078897!16s%2Fg%2F1td76nc9?authuser=0&entry=ttu&g_ep=EgoyMDI2MDgyNi4wIKXMDSoASAFQAw%3D%3D",,2026-09-05,yes,yes,no,yes,yes,yes,yes,11:30,13:45,17:30,19:45,,,月・火・木・金・土・日,11:30-13:45 / 17:30-19:45,水,,,yes,yes,,no,,yes,,,,,食べる,45,45-90,90,indoor,unknown,unknown,unknown,unknown,unknown,unknown,yes,,https://tabelog.com/nagano/A2004/A200404/20002278/,,,,,,,,,,,,,,,,要公式確認
R006,国産和牛焼肉 彩り,飲食店,焼肉,焼肉,〒393-0000 長野県諏訪郡下諏訪町大社通5522-2,36.07454056926668,138.0869816178905,,,,4.7,18,0266-75-2338,3,2,,,,conditional,,,,,"https://www.google.com/maps/place/%E5%9B%BD%E7%94%A3%E5%92%8C%E7%89%9B%E7%84%BC%E8%82%89+%E5%BD%A9%E3%82%8A/@36.0743416,138.086643,20.57z/data=!4m9!1m2!2m1!1z44CSMzkzLTAwMDAg6ZW36YeO55yM6KuP6Kiq6YOh5LiL6KuP6Kiq55S65pyo44Gu5LiLMzU1Ng!3m5!1s0x601c5500434cc759:0xc62895fbf297d46f!8m2!3d36.0745328!4d138.0869862!16s%2Fg%2F11wc5tj7js?authuser=0&entry=ttu&g_ep=EgoyMDI2MDgyNi4wIKXMDSoASAFQAw%3D%3D",,2026-09-05,yes,yes,no,yes,yes,yes,no,18:00,22:00,,,,,月・火・木・金・土,18:00-22:00,水・日,,,,yes,,no,,yes,,,,,食べる,45,45-90,90,indoor,unknown,unknown,yes,unknown,unknown,unknown,yes,,https://www.google.com/maps/search/?api=1&query=国産和牛焼肉%20彩り%20下諏訪町,,,,,,,,,,,,,,,,要公式確認
R007,飛やじ,飲食店,居酒屋,居酒屋,〒393-0061 長野県諏訪郡下諏訪町御田町3207,36.075976008206304,138.08697389565285,,,,4.7,87,0266-27-6171,3,2,,,,conditional,,,,,"https://www.google.com/maps/place/%E9%A3%9B%E3%82%84%E3%81%98/@36.0759211,138.0863406,19.51z/data=!4m9!1m2!2m1!1z44CSMzkzLTAwMDAg6ZW36YeO55yM6KuP6Kiq6YOh5LiL6KuP6Kiq55S65pyo44Gu5LiLMzU1Ng!3m5!1s0x601c55516c5949a9:0x939698e6ea2cfcd4!8m2!3d36.0759532!4d138.0869622!16s%2Fg%2F11_r0cx3l?authuser=0&entry=ttu&g_ep=EgoyMDI2MDgyNi4wIKXMDSoASAFQAw%3D%3D",,2026-09-05,no,yes,yes,yes,yes,yes,yes,18:00,24:00,,,,,火・水・木・金・土・日,18:00-24:00,月,,,,yes,,no,,yes,,,,,食べる,45,45-90,90,indoor,unknown,unknown,unknown,unknown,unknown,no,unknown,,https://www.google.com/maps/search/?api=1&query=飛やじ%20下諏訪町,,,,,,,,,,,,,,,,要公式確認
R008,MARUSANcafe,飲食店,カフェ,カフェ,〒393-0041 長野県諏訪郡下諏訪町西四王4997-7 フラワービル1F,36.067622,138.08566,,https://maps.google.com/?cid=16576093726631382755&g_mp=Cidnb29nbGUubWFwcy5wbGFjZXMudjEuUGxhY2VzLlNlYXJjaFRleHQQAhgBIAA&hl=ja&gl=jp&source=apiv3,ChIJ75eaty1VHGAR485xo2sdCuY,4.3,57,0266-28-1188,3,2,,,,normal,,,,,,,2026-09-05,,,,,,,,,,,,,,,,,,,,,,,,,,,,,休憩・飲食,,,,indoor,unknown,unknown,yes,unknown,unknown,yes,unknown,,https://www.google.com/maps/search/?api=1&query=MARUSANcafe%20下諏訪町,,,,,,,,,,,,,,,,要公式確認
R009,ケンケンレストラン,飲食店,フランス料理,フランス料理,〒393-0056 長野県諏訪郡下諏訪町広瀬町5379-2,36.0738893,138.0849945,,https://maps.google.com/?cid=14361069718376504129&g_mp=Cidnb29nbGUubWFwcy5wbGFjZXMudjEuUGxhY2VzLlNlYXJjaFRleHQQAhgBIAA&hl=ja&gl=jp&source=apiv3,ChIJEw5kX7NVHGARQVtzFtLETMc,4.7,70,090-2673-6447,4,4,,,,normal,,,,,,,2026-09-05,,,,,,,,,,,,,,,,,,,,,,,,,,,,,食べる,,,,indoor,unknown,unknown,unknown,unknown,unknown,unknown,unknown,,https://tabelog.com/nagano/A2004/A200404/20025044/,,,,,,,,,,,,,,,,要公式確認
R010,ぐらたん屋 フラット,飲食店,レストラン,レストラン,〒393-0034 長野県諏訪郡下諏訪町高浜6187-4,36.0680987,138.0940776,,https://maps.google.com/?cid=16793492451885038428&g_mp=Cidnb29nbGUubWFwcy5wbGFjZXMudjEuUGxhY2VzLlNlYXJjaFRleHQQAhgBIAA&hl=ja&gl=jp&source=apiv3,ChIJ51XxGUJVHGARXLvPxGh4Duk,4.3,87,0266-27-0355,2,2,,,,conditional,,,,,,,2026-09-05,,,,,,,,,,,,,,,,,,,,,,,,,,,,,食べる,,,,indoor,unknown,unknown,unknown,unknown,unknown,unknown,yes,,https://tabelog.com/nagano/A2004/A200404/20002574/,,,,,,,,,,,,,,,,要公式確認
R011,麺屋宮坂商店 下諏訪本店,飲食店,ラーメン,ラーメン,〒393-0033 長野県諏訪郡下諏訪町西高木10616,36.0640001,138.104852,,https://maps.google.com/?cid=4972415662877457690&g_mp=Cidnb29nbGUubWFwcy5wbGFjZXMudjEuUGxhY2VzLlNlYXJjaFRleHQQAhgBIAA&hl=ja&gl=jp&source=apiv3,ChIJq8Sq8xNVHGARGj1mTbORAUU,4.0,247,0266-26-7118,3,3,,,,conditional,,,,,,,2026-09-07,yes,no,yes,yes,yes,yes,yes,17:30,20:15,,,,,月・水・木・金・土・日,11:00頃-14:15頃 / 17:30-20:15頃,火,,,yes,yes,,no,,yes,,,yes,yes,食べる,30,30-45,45,indoor,unknown,unknown,unknown,unknown,unknown,unknown,unknown,,https://www.google.com/maps/search/?api=1&query=麺屋宮坂商店%20下諏訪本店,no,no,no,no,no,no,no,no,no,no,no,no,no,no,no,要公式確認
R012,萩月庵 千ひろ,飲食店,そば,そば,〒393-0092 長野県諏訪郡下諏訪町大門456,36.079684199999996,138.0819616,,https://maps.google.com/?cid=9476325636019598141&g_mp=Cidnb29nbGUubWFwcy5wbGFjZXMudjEuUGxhY2VzLlNlYXJjaFRleHQQAhgBIAA&hl=ja&gl=jp&source=apiv3,ChIJhRkj_VBVHGARPTPgTvWrgoM,4.0,233,0266-27-8861,2,2,,,,conditional,,,,,,,2026-09-05,,,,,,,,,,,,,,,,,,,,,,,,,,,,,食べる,,,,indoor,unknown,unknown,unknown,unknown,unknown,unknown,yes,,https://www.suwa-tourism.jp/archives/002098.php,,,,,,,,,,,,,,,,要公式確認
R013,うなぎ うな富,飲食店,うなぎ,うなぎ,〒393-0074 長野県諏訪郡下諏訪町緑町260,36.076591199999996,138.08378629999999,,https://maps.google.com/?cid=2147846797604560369&g_mp=Cidnb29nbGUubWFwcy5wbGFjZXMudjEuUGxhY2VzLlNlYXJjaFRleHQQAhgBIAA&hl=ja&gl=jp&source=apiv3,ChIJXWSnFVRVHGAR8R0uW0ivzh0,4.4,710,0266-28-2794,2,2,,,,normal,,,,,,,2026-09-05,,,,,,,,,,,,,,,,,,,,,,,,,,,,,食べる,,,,indoor,unknown,unknown,unknown,unknown,unknown,unknown,yes,,https://tabelog.com/nagano/A2004/A200404/20006435/,,,,,,,,,,,,,,,,要公式確認
R014,焼肉御苑,飲食店,焼肉,焼肉,〒393-0000 長野県諏訪郡下諏訪町湖浜6144-3,36.06654270000001,138.0895185,,https://maps.google.com/?cid=16907435288104319776&g_mp=Cidnb29nbGUubWFwcy5wbGFjZXMudjEuUGxhY2VzLlNlYXJjaFRleHQQAhgBIAA&hl=ja&gl=jp&source=apiv3,ChIJJ0AdRadVHGARILtcqtBGo-o,3.7,25,0266-26-1129,2,2,,,,conditional,,,,,,,2026-09-05,,,,,,,,,,,,,,,,,,,,,,,,,,,,,食べる,,,,indoor,unknown,unknown,yes,unknown,unknown,unknown,yes,,https://www.google.com/maps/search/?api=1&query=焼肉御苑%20下諏訪町,,,,,,,,,,,,,,,,要公式確認
R015,大鷹,飲食店,居酒屋,居酒屋,〒393-0055 長野県諏訪郡下諏訪町富士見町5309,36.0730578,138.0858185,,https://maps.google.com/?cid=12715643156941799842&g_mp=Cidnb29nbGUubWFwcy5wbGFjZXMudjEuUGxhY2VzLlNlYXJjaFRleHQQAhgBIAA&hl=ja&gl=jp&source=apiv3,ChIJ357VyVBVHGARooEktBQKd7A,4.6,34,0266-28-8563,2,2,,,,hidden,,,,,,,2026-09-05,,,,,,,,,,,,,,,,,,,,,,,,,,,,,食べる,,,,indoor,unknown,unknown,unknown,unknown,unknown,no,unknown,,https://www.google.com/maps/search/?api=1&query=大鷹%20下諏訪町,,,,,,,,,,,,,,,,要公式確認
R016,Cafe gatoha,飲食店,カフェ,カフェ,〒393-0056 長野県諏訪郡下諏訪町5312付近,36.07273610000001,138.0851626,,https://maps.google.com/?cid=8158671504503718703&g_mp=Cidnb29nbGUubWFwcy5wbGFjZXMudjEuUGxhY2VzLlNlYXJjaFRleHQQAhgBIAA&hl=ja&gl=jp&source=apiv3,ChIJM8zEPVdVHGARL8MLwYFsOXE,4.6,29,,2,2,,,,normal,,,,,,,2026-09-05,,,,,,,,,,,,,,,,,,,,,,,,,,,,,休憩・飲食,,,,indoor,unknown,unknown,unknown,unknown,unknown,unknown,yes,,https://gatoha.com/,,,,,,,,,,,,,,,,要公式確認
R017,居酒屋しぇぱ,飲食店,居酒屋,居酒屋,〒393-0056 長野県諏訪郡下諏訪町広瀬町5382-2,36.0733731,138.0849539,,https://maps.google.com/?cid=8962400548181681048&g_mp=Cidnb29nbGUubWFwcy5wbGFjZXMudjEuUGxhY2VzLlNlYXJjaFRleHQQAhgBIAA&hl=ja&gl=jp&source=apiv3,ChIJfQTdGKVVHGARmKMiUdDXYHw,4.7,32,090-1829-6569,4,4,,,,normal,,,,,,,2026-09-05,,,,,,,,,,,,,,,,,,,,,,,,,,,,,食べる,,,,indoor,unknown,unknown,yes,unknown,unknown,no,yes,,https://www.google.com/maps/search/?api=1&query=居酒屋しぇぱ%20下諏訪町,,,,,,,,,,,,,,,,要公式確認
R018,キャナリィ・ロウ 諏訪湖畔店,飲食店,イタリア料理,イタリア料理,〒393-0033 長野県諏訪郡下諏訪町10616-395,36.061690999999996,138.10861699999998,,https://maps.google.com/?cid=11955272136769522614&g_mp=Cidnb29nbGUubWFwcy5wbGFjZXMudjEuUGxhY2VzLlNlYXJjaFRleHQQAhgBIAA&hl=ja&gl=jp&source=apiv3,ChIJffhFoQ9VHGARtstFqaqo6aU,4.1,601,0266-26-2788,4,4,,,,normal,,,,,,,2026-09-05,,,,,,,,,,,,,,,,,,,,,,,,,,,,,食べる,,,,indoor,unknown,unknown,unknown,unknown,unknown,unknown,yes,,https://suwa-tourism.jp/archives/001806.php;https://tabelog.com/nagano/A2004/A200404/20002481/,,,,,,,,,,,,,,,,要公式確認
R019,萬馬軒,飲食店,ラーメン,ラーメン,〒393-0034 長野県諏訪郡下諏訪町高浜6188-51,36.0669069,138.0951684,,https://maps.google.com/?cid=7104191621685851087&g_mp=Cidnb29nbGUubWFwcy5wbGFjZXMudjEuUGxhY2VzLlNlYXJjaFRleHQQAhgBIAA&hl=ja&gl=jp&source=apiv3,ChIJ51XxGUJVHGARzzPk6qMol2I,4.0,253,0266-28-0528,4,4,,,,normal,,,,,,,2026-09-05,,,,,,,,,,,,,,,,,,,,,,,,,,,,,食べる,,,,indoor,unknown,unknown,unknown,unknown,unknown,unknown,unknown,,https://tabelog.com/nagano/A2004/A200404/20002507/;https://www.suwa-tourism.jp/archives/001369.php,,,,,,,,,,,,,,,,要公式確認
R020,蕎麦屋 みのり 秋宮前,飲食店,そば,そば,〒393-0061 長野県諏訪郡下諏訪町御田町3205,36.075707,138.0868641,,https://maps.google.com/?cid=13594678352745500704&g_mp=Cidnb29nbGUubWFwcy5wbGFjZXMudjEuUGxhY2VzLlNlYXJjaFRleHQQAhgBIAA&hl=ja&gl=jp&source=apiv3,ChIJ3bzeitr_HGARIJAWI-__qbw,4.2,321,0266-55-5111,4,4,,,,promote,,,,,,,2026-09-05,,,,,,,,,,,,,,,,,,,,,,,,,,,,,食べる,,,,indoor,unknown,unknown,unknown,unknown,unknown,no,unknown,,https://www.google.com/maps/search/?api=1&query=蕎麦屋%20みのり%20秋宮前,,,,,,,,,,,,,,,,要公式確認
R021,栄寿司,飲食店,寿司,寿司,〒393-0068 長野県諏訪郡下諏訪町春日町243-1,36.075618000000006,138.082351,,https://maps.google.com/?cid=8885134498809186097&g_mp=Cidnb29nbGUubWFwcy5wbGFjZXMudjEuUGxhY2VzLlNlYXJjaFRleHQQAhgBIAA&hl=ja&gl=jp&source=apiv3,ChIJo4yp2lVVHGARMQcXT8BWTns,4.3,73,0266-28-6403,4,4,,,,normal,,,,,,,2026-09-05,,,,,,,,,,,,,,,,,,,,,,,,,,,,,食べる,,,,indoor,unknown,unknown,unknown,unknown,unknown,yes,yes,,https://page.line.me/gwr3409a;https://tabelog.com/nagano/A2004/A200404/20010455/,,,,,,,,,,,,,,,,要公式確認
R022,宝華,飲食店,中華料理,中華料理,〒393-0061 長野県諏訪郡下諏訪町御田町下3156-3,36.0767782,138.0863784,,https://maps.google.com/?cid=4560260044427860151&g_mp=Cidnb29nbGUubWFwcy5wbGFjZXMudjEuUGxhY2VzLlNlYXJjaFRleHQQAhgBIAA&hl=ja&gl=jp&source=apiv3,ChIJQSMyFFFVHGARt5iHX1lMST8,4.1,143,0266-28-4112,3,3,,,,normal,,,,,,,2026-09-05,,,,,,,,,,,,,,,,,,,,,,,,,,,,,食べる,,,,indoor,unknown,unknown,unknown,unknown,unknown,no,unknown,,https://www.google.com/maps/search/?api=1&query=宝華%20下諏訪町,,,,,,,,,,,,,,,,要公式確認
R023,やきとり とり志(とりじ),飲食店,焼き鳥,焼き鳥,〒393-0056 長野県諏訪郡下諏訪町5234付近,36.0724734,138.0847676,,https://maps.google.com/?cid=16682619988695002475&g_mp=Cidnb29nbGUubWFwcy5wbGFjZXMudjEuUGxhY2VzLlNlYXJjaFRleHQQAhgBIAA&hl=ja&gl=jp&source=apiv3,ChIJZz6NSFdVHGARay3_zH2ShOc,4.5,33,0266-26-3311,3,3,,,,normal,,,,,,,2026-09-05,,,,,,,,,,,,,,,,,,,,,,,,,,,,,食べる,,,,indoor,unknown,unknown,yes,unknown,unknown,no,unknown,,https://www.google.com/maps/search/?api=1&query=やきとり%20とり志%20下諏訪町,,,,,,,,,,,,,,,,要公式確認
R024,サンコーパン,飲食店,ベーカリー,ベーカリー,〒393-0092 長野県諏訪郡下諏訪町大門42,36.0775605,138.0813264,,https://maps.google.com/?cid=9600497213293413902&g_mp=Cidnb29nbGUubWFwcy5wbGFjZXMudjEuUGxhY2VzLlNlYXJjaFRleHQQAhgBIAA&hl=ja&gl=jp&source=apiv3,ChIJuWE5CVVVHGARDkZ7kVnRO4U,4.3,37,,2,2,,,,hidden,,,,,,,2026-09-05,,,,,,,,,,,,,,,,,,,,,,,,,,,,,パンを買う・軽食,,,,indoor,unknown,unknown,unknown,unknown,unknown,no,unknown,,https://www.google.com/maps/search/?api=1&query=サンコーパン%20下諏訪町,,,,,,,,,,,,,,,,要公式確認
R025,たむたむ,飲食店,カフェ,カフェ,〒393-0045 長野県諏訪郡下諏訪町南四王6126-5,36.067320099999996,138.08690030000002,,https://maps.google.com/?cid=4189272019021252384&g_mp=Cidnb29nbGUubWFwcy5wbGFjZXMudjEuUGxhY2VzLlNlYXJjaFRleHQQAhgBIAA&hl=ja&gl=jp&source=apiv3,ChIJ_QwbblxVHGARIMc-obRIIzo,4.7,40,0266-28-4262,4,4,,,,normal,,,,,,,2026-09-05,,,,,,,,,,,,,,,,,,,,,,,,,,,,,休憩・飲食,,,,indoor,unknown,unknown,yes,unknown,unknown,unknown,unknown,,https://www.google.com/maps/search/?api=1&query=たむたむ%20下諏訪町,,,,,,,,,,,,,,,,要公式確認
R026,ステーキハウス カナディアンロッキー 諏訪湖畔店,飲食店,ステーキ,ステーキ,〒393-0033 長野県諏訪郡下諏訪町南高木8976-7,36.061735,138.108219,,https://maps.google.com/?cid=12830024154905008515&g_mp=Cidnb29nbGUubWFwcy5wbGFjZXMudjEuUGxhY2VzLlNlYXJjaFRleHQQAhgBIAA&hl=ja&gl=jp&source=apiv3,ChIJU3D80Q9VHGARg1nLFP5mDbI,3.9,738,0266-28-5445,3,3,,,,normal,,,,,,,2026-09-05,,,,,,,,,,,,,,,,,,,,,,,,,,,,,食べる,,,,indoor,unknown,unknown,unknown,unknown,unknown,unknown,yes,,https://www.suwa-tourism.jp/archives/000638.php,,,,,,,,,,,,,,,,要公式確認
R027,居酒屋あずさ,飲食店,居酒屋,居酒屋,〒393-0056 長野県諏訪郡下諏訪町広瀬町5234,36.072470599999995,138.08466959999998,,https://maps.google.com/?cid=16139572319141046275&g_mp=Cidnb29nbGUubWFwcy5wbGFjZXMudjEuUGxhY2VzLlNlYXJjaFRleHQQAhgBIAA&hl=ja&gl=jp&source=apiv3,ChIJaVaXF1dVHGARAyghXYNH-98,5.0,3,0266-27-0595,2,1,,,,hidden,,,,,,,2026-09-05,,,,,,,,,,,,,,,,,,,,,,,,,,,,,食べる,,,,indoor,unknown,unknown,unknown,unknown,unknown,no,unknown,,https://www.google.com/maps/search/?api=1&query=居酒屋あずさ%20下諏訪町,,,,,,,,,,,,,,,,要公式確認
R028,チャボ食堂,飲食店,定食・食堂,定食・食堂,〒393-0056 長野県諏訪郡下諏訪町広瀬町5312,36.073135,138.0849394,,https://maps.google.com/?cid=7507166525882119392&g_mp=Cidnb29nbGUubWFwcy5wbGFjZXMudjEuUGxhY2VzLlNlYXJjaFRleHQQAhgBIAA&hl=ja&gl=jp&source=apiv3,ChIJaVaXF1dVHGAR4DToPC7QLmg,4.3,267,0266-27-8207,4,4,,,,normal,,,,,,,2026-09-05,,,,,,,,,,,,,,,,,,,,,,,,,,,,,食べる,,,,indoor,unknown,unknown,unknown,unknown,unknown,no,unknown,,https://www.google.com/maps/search/?api=1&query=チャボ食堂%20下諏訪町,,,,,,,,,,,,,,,,要公式確認
R029,東寿司,飲食店,寿司,寿司,〒393-0074 長野県諏訪郡下諏訪町緑町320-9,36.0766165,138.08536469999999,,https://maps.google.com/?cid=11992520536524478370&g_mp=Cidnb29nbGUubWFwcy5wbGFjZXMudjEuUGxhY2VzLlNlYXJjaFRleHQQAhgBIAA&hl=ja&gl=jp&source=apiv3,ChIJq6q--FNVHGARolcejeP9baY,4.2,64,0266-27-8254,3,2,,,,hidden,,,,,,,2026-09-05,,,,,,,,,,,,,,,,,,,,,,,,,,,,,食べる,,,,indoor,unknown,unknown,unknown,unknown,unknown,unknown,yes,,https://www.suwa-tourism.jp/archives/000645.php;https://tabelog.com/nagano/A2004/A200404/20004471/,,,,,,,,,,,,,,,,要公式確認
R030,六福源,飲食店,中華料理,中華料理,〒393-0032 長野県諏訪郡下諏訪町西浜6187,36.067993,138.0937467,,https://maps.google.com/?cid=8720408980512908675&g_mp=Cidnb29nbGUubWFwcy5wbGFjZXMudjEuUGxhY2VzLlNlYXJjaFRleHQQAhgBIAA&hl=ja&gl=jp&source=apiv3,ChIJs9Agv0NVHGARgyWZ28MdBXk,3.7,75,070-3876-2788,3,2,,,,hidden,,,,,,,2026-09-05,,,,,,,,,,,,,,,,,,,,,,,,,,,,,食べる,,,,indoor,unknown,unknown,unknown,unknown,unknown,no,unknown,,https://www.google.com/maps/search/?api=1&query=六福源%20下諏訪町,,,,,,,,,,,,,,,,要公式確認
R031,地酒 炭火焼鳥 佳肴あり井,飲食店,和食・焼鳥,和食・焼鳥,〒393-0056 長野県諏訪郡下諏訪町広瀬町5500,36.07425370000001,138.0848619,,https://maps.google.com/?cid=13938039308950021338&g_mp=Cidnb29nbGUubWFwcy5wbGFjZXMudjEuUGxhY2VzLlNlYXJjaFRleHQQAhgBIAA&hl=ja&gl=jp&source=apiv3,ChIJAzNFBMVVHGAR2qRlk-fcbcE,4.1,15,0266-27-0173,3,3,,,,normal,,,,,,,2026-09-05,,,,,,,,,,,,,,,,,,,,,,,,,,,,,食べる,,,,indoor,unknown,unknown,unknown,unknown,unknown,no,unknown,,https://www.google.com/maps/search/?api=1&query=地酒%20炭火焼鳥%20佳肴あり井%20下諏訪町,,,,,,,,,,,,,,,,要公式確認
R032,竹園,飲食店,軽食,軽食,〒393-0073 長野県諏訪郡下諏訪町塚田町3145,36.077466199999996,138.0854439,,https://maps.google.com/?cid=872320945620610235&g_mp=Cidnb29nbGUubWFwcy5wbGFjZXMudjEuUGxhY2VzLlNlYXJjaFRleHQQAhgBIAA&hl=ja&gl=jp&source=apiv3,ChIJucXTi1NVHGARu2zZPUcbGww,3.7,6,0266-28-7816,3,2,,,,hidden,,,,,,,2026-09-05,,,,,,,,,,,,,,,,,,,,,,,,,,,,,食べる,,,,indoor,unknown,unknown,unknown,unknown,unknown,unknown,unknown,,https://www.google.com/maps/search/?api=1&query=竹園%20下諏訪町%20塚田町,,,,,,,,,,,,,,,,要公式確認
R033,pain moji (パンモジ),飲食店,ベーカリー,ベーカリー,〒393-0000 長野県諏訪郡下諏訪町190-4,36.081595899999996,138.08153529999998,,https://maps.google.com/?cid=15568975185314529845&g_mp=Cidnb29nbGUubWFwcy5wbGFjZXMudjEuUGxhY2VzLlNlYXJjaFRleHQQAhgBIAA&hl=ja&gl=jp&source=apiv3,ChIJk7o3Os6rHWARNUKLbXEcENg,4.7,28,,3,2,,,,hidden,,,,,,,2026-09-05,,,,,,,,,,,,,,,,,,,,,,,,,,,,,パンを買う・軽食,,,,indoor,unknown,unknown,unknown,unknown,unknown,no,unknown,,https://tabelog.com/nagano/A2004/A200404/20021841/;https://www.google.com/maps/search/?api=1&query=pain%20moji%20下諏訪,,,,,,,,,,,,,,,,要公式確認
L001,下諏訪町役場,ランドマーク,行政・公共施設,行政・公共施設,〒393-8501 長野県諏訪郡下諏訪町4613-8,36.0695384,138.0801558,,,,,,,2,0,,,,conditional,行政・START/GOAL,平日,行政利用者,通常の観光候補には出さない,,,2026-08-28,,,,,,,,,,,,,,,,,,,,,,no,,,,,,,行政手続き・相談・情報収集,,,,indoor,unknown,unknown,unknown,unknown,unknown,unknown,unknown,,https://www.town.shimosuwa.lg.jp/,,,,,,,,,,,,,,,,要公式確認
L003,諏訪大社 下社秋宮,ランドマーク,神社・観光名所,神社・観光名所,〒393-0052 長野県諏訪郡下諏訪町5828,36.075394,138.091287,,,,,,,5,0,,,,promote,観光・参拝,朝・昼・午後,観光客・地元・家族,,,,2026-09-07,yes,yes,yes,yes,yes,yes,yes,,,,,,,毎日,24時間,,,,,,,yes,,no,yes,yes,,yes,参拝・境内散策・写真・歴史,20,20-60,60,outdoor,unknown,unknown,yes,unknown,unknown,unknown,yes,,https://shimosuwaonsen.jp/tourism/444/,,,,,,,,,,,,,,,,要公式確認
L004,諏訪大社 下社春宮,ランドマーク,神社・観光名所,神社・観光名所,〒393-0092 長野県諏訪郡下諏訪町193,36.082083,138.082106,,,,,,,5,5,,,,promote,観光・参拝,朝・昼・午後,観光客・地元・家族,,,,2026-09-07,,,,,,,,,,,,,,,,,,,,,,yes,,,,,,,参拝・境内散策・写真・歴史,,,,outdoor,unknown,unknown,yes,unknown,unknown,unknown,yes,,https://shimosuwaonsen.jp/tourism/443/,,,,,,,,,,,,,,,,要公式確認
L005,万治の石仏,ランドマーク,史跡・観光名所,史跡・観光名所,長野県諏訪郡下諏訪町,36.08292,138.08195,,,,,,,4,5,,,,promote,観光・散策,昼・午後,観光客,,,,2026-09-07,,,,,,,,,,,,,,,,,,,,,,yes,,,,,,,石仏を見る・散策・写真,,,,outdoor,normal,unknown,unknown,unknown,unknown,unknown,yes,,https://shimosuwaonsen.jp/tourism/466/,,,,,,,,,,,,,,,,要公式確認
L006,赤砂崎公園,ランドマーク,公園,公園,〒393-0046 長野県諏訪郡下諏訪町東赤砂10944,36.0599511,138.0773556,,https://maps.google.com/?cid=7255882036702243103&g_mp=Cidnb29nbGUubWFwcy5wbGFjZXMudjEuUGxhY2VzLlNlYXJjaFRleHQQAhgBIAA&hl=ja&gl=jp&source=apiv3,ChIJvUcUvIr_HGARH2nG4UQSsmQ,,,,4,5,,,,promote,,,,,,,2026-09-07,,,,,,,,,,,,,,,,,,,,,,,,,,,,,散歩・休憩・諏訪湖を見る・遊ぶ,,,,outdoor,unknown,unknown,unknown,unknown,unknown,unknown,yes,,https://shimosuwaonsen.jp/tourism/449/;https://shimosuwaonsen.jp/tourism/448/,,,,,,,,,,,,,,,,要公式確認
L007,あすなろ公園,ランドマーク,公園,公園,〒393-0086 長野県諏訪郡下諏訪町清水町4488-36,36.069553000000006,138.07872820000003,,https://maps.google.com/?cid=12919116368942943057&g_mp=Cidnb29nbGUubWFwcy5wbGFjZXMudjEuUGxhY2VzLlNlYXJjaFRleHQQAhgBIAA&hl=ja&gl=jp&source=apiv3,ChIJoVo1O_j_HGARUUvHnuPrSbM,,,,3,3,,,,conditional,,,,,,,2026-09-07,,,,,,,,,,,,,,,,,,,,,,,,,,,,,散歩・休憩・遊ぶ,,,,outdoor,unknown,unknown,unknown,unknown,unknown,unknown,unknown,,https://www.town.shimosuwa.lg.jp/www/contents/1001000000945/files/odekakemap.pdf,,,,,,,,,,,,,,,,要公式確認
L008,水月公園,ランドマーク,公園・景勝地,公園・景勝地,長野県諏訪郡下諏訪町,36.0833456,138.0847403,,https://maps.google.com/?cid=9850176048244829681&g_mp=Cidnb29nbGUubWFwcy5wbGFjZXMudjEuUGxhY2VzLlNlYXJjaFRleHQQAhgBIAA&hl=ja&gl=jp&source=apiv3,ChIJOc77hKuqHWAR8a2xau3asog,,,,2,1,,,,hidden,,,,,,,2026-09-07,,,,,,,,,,,,,,,,,,,,,,,,,,,,,散歩・景色・季節の花を見る,,,,outdoor,normal,mild,unknown,unknown,unknown,unknown,unknown,,https://www.town.shimosuwa.lg.jp/www/contents/1001000000615/index.html,,,,,,,,,,,,,,,,要公式確認
L009,いずみ湖公園,ランドマーク,公園・自然,公園・自然,長野県諏訪郡下諏訪町,36.083212599999996,138.1288518,,https://maps.google.com/?cid=6302397991904448760&g_mp=Cidnb29nbGUubWFwcy5wbGFjZXMudjEuUGxhY2VzLlNlYXJjaFRleHQQAhgBIAA&hl=ja&gl=jp&source=apiv3,ChIJlRvgWwBVHGAR-JCZBJWddlc,,,,4,3,,,,conditional,,,,,,,2026-09-07,,,,,,,,,,,,,,,,,,,,,,,,,,,,,自然散策・休憩・レジャー,,,,outdoor,unknown,unknown,unknown,unknown,unknown,unknown,unknown,,https://shimosuwaonsen.jp/tourism/2361/,,,,,,,,,,,,,,,,要公式確認
L010,下諏訪温泉 旦過の湯,ランドマーク,温泉,温泉,〒393-0016 長野県諏訪郡下諏訪町湯田町3442,36.0774153,138.089057,,https://maps.google.com/?cid=2326667879216822992&g_mp=Cidnb29nbGUubWFwcy5wbGFjZXMudjEuUGxhY2VzLlNlYXJjaFRleHQQAhgBIAA&hl=ja&gl=jp&source=apiv3,ChIJ0YbMjFFVHGAR0LoH4xv8SSA,,,,4,5,,,,promote,,,,,,,2026-09-07,,,,,,,,,,,,,,,,,,,,,,,,,,,,,入浴・休憩,,,,indoor,unknown,unknown,unknown,unknown,unknown,unknown,yes,,https://shimosuwaonsen.jp/spa/5044/,,,,,,,,,,,,,,,,要公式確認
L011,下諏訪温泉 新湯,ランドマーク,温泉,温泉,〒393-0061 長野県諏訪郡下諏訪町御田町上3154,36.07641890000001,138.08603870000002,,https://maps.google.com/?cid=11807313282323983296&g_mp=Cidnb29nbGUubWFwcy5wbGFjZXMudjEuUGxhY2VzLlNlYXJjaFRleHQQAhgBIAA&hl=ja&gl=jp&source=apiv3,ChIJQSMyFFFVHGARwCusWN8A3KM,,,,4,4,,,,conditional,,,,,,,2026-09-07,,,,,,,,,,,,,,,,,,,,,,,,,,,,,入浴・休憩,,,,indoor,unknown,unknown,unknown,unknown,unknown,unknown,yes,,https://shimosuwaonsen.jp/spa/1037/,,,,,,,,,,,,,,,,要公式確認
L012,菅野温泉,ランドマーク,温泉,温泉,長野県諏訪郡下諏訪町,36.0748829,138.0867874,,https://maps.google.com/?cid=17323491283078099771&g_mp=Cidnb29nbGUubWFwcy5wbGFjZXMudjEuUGxhY2VzLlNlYXJjaFRleHQQAhgBIAA&hl=ja&gl=jp&source=apiv3,ChIJhRkj_VBVHGAROzNyxYlnafA,,,,4,5,,,,promote,,,,,,,2026-09-07,,,,,,,,,,,,,,,,,,,,,,,,,,,,,入浴・休憩,,,,indoor,unknown,unknown,unknown,unknown,unknown,unknown,有料町営駐車場,,https://shimosuwaonsen.jp/spa/1035/,,,,,,,,,,,,,,,,要公式確認
L013,遊泉ハウス児湯,ランドマーク,温泉,温泉,長野県諏訪郡下諏訪町,36.076603399999996,138.0899578,,https://maps.google.com/?cid=7792373335304559072&g_mp=Cidnb29nbGUubWFwcy5wbGFjZXMudjEuUGxhY2VzLlNlYXJjaFRleHQQAhgBIAA&hl=ja&gl=jp&source=apiv3,ChIJ2yh42lFVHGAR4NkNQEMSJGw,,,,4,4,,,,normal,,,,,,,2026-09-07,,,,,,,,,,,,,,,,,,,,,,,,,,,,,入浴・休憩,,,,indoor,unknown,unknown,unknown,unknown,yes,unknown,yes,,https://shimosuwaonsen.jp/spa/1040/,,,,,,,,,,,,,,,,要公式確認
L014,諏訪湖博物館・赤彦記念館,ランドマーク,博物館,博物館,〒393-0033 長野県諏訪郡下諏訪町西高木10616-111,36.067226399999996,138.1008986,,https://maps.google.com/?cid=4508955408195075689&g_mp=Cidnb29nbGUubWFwcy5wbGFjZXMudjEuUGxhY2VzLlNlYXJjaFRleHQQAhgBIAA&hl=ja&gl=jp&source=apiv3,ChIJBR-RKBVVHGARaT6L5Q0Hkz4,,,,3,3,,,,conditional,,,,,,,2026-09-07,,,,,,,,,,,,,,,,,,,,,,,,,,,,,展示を見る・諏訪湖文化を知る,,,,indoor,unknown,unknown,yes,yes,unknown,yes,yes,諏訪湖博物館・赤彦記念館,https://www.town.shimosuwa.lg.jp/www/contents/1001000000784/index.html;https://www.google.com/maps/search/?api=1&query=諏訪湖博物館%20赤彦記念館,,,,,,,,,,,,,,,,要公式確認
L015,ハーモ美術館,ランドマーク,美術館,美術館,長野県諏訪郡下諏訪町,36.065252,138.08829699999998,,https://maps.google.com/?cid=14699177348528067806&g_mp=Cidnb29nbGUubWFwcy5wbGFjZXMudjEuUGxhY2VzLlNlYXJjaFRleHQQAhgBIAA&hl=ja&gl=jp&source=apiv3,ChIJ22IaDV1VHGAR3tR7Pev3_cs,,,,3,2,,,,conditional,,,,,,,2026-09-07,,,,,,,,,,,,,,,,,,,,,,,,,,,,,美術鑑賞・諏訪湖を見る・休憩,,,,indoor,unknown,unknown,unknown,unknown,yes,unknown,yes,ハーモ美術館前,https://www.harmo-museum.jp/guide/guide.html;https://www.harmo-museum.jp/guide/access.html,,,,,,,,,,,,,,,,要公式確認
L016,ニデックオルゴール記念館 すわのね,ランドマーク,博物館・体験,博物館・体験,長野県諏訪郡下諏訪町,36.0745733,138.08919699999998,,https://maps.google.com/?cid=12299954740391078006&g_mp=Cidnb29nbGUubWFwcy5wbGFjZXMudjEuUGxhY2VzLlNlYXJjaFRleHQQAhgBIAA&hl=ja&gl=jp&source=apiv3,ChIJp6e0P1BVHGARdmhkHqs3sqo,,,,4,5,,,,normal,,,,,,,2026-09-07,,,,,,,,,,,,,,,,,,,,,,,,,,,,,オルゴール鑑賞・ものづくり体験,,,,indoor,unknown,unknown,unknown,yes,yes,yes,unknown,,https://suwanone.jp/faq;https://suwanone.jp/,,,,,,,,,,,,,,,,要公式確認
L017,しもすわ今昔館おいでや,ランドマーク,科学博物館,科学博物館,長野県諏訪郡下諏訪町町立町3289,36.075673,138.089338,,https://maps.google.com/?cid=1278321362595633215&g_mp=Cidnb29nbGUubWFwcy5wbGFjZXMudjEuUGxhY2VzLlNlYXJjaFRleHQQAhgBIAA&hl=ja&gl=jp&source=apiv3,ChIJ_0yhNFBVHGARP1hOpoGCvRE,,,,3,4,,,,normal,,,,,,,2026-09-07,,,,,,,,,,,,,,,,,,,,,,,,,,,,,時計・歴史展示を見る・体験,,,,both,unknown,unknown,unknown,unknown,yes,unknown,unknown,,https://shimosuwaonsen.jp/tourism/471/,,,,,,,,,,,,,,,,要公式確認
L018,下諏訪宿 本陣岩波家,ランドマーク,史跡・歴史施設,史跡・歴史施設,長野県諏訪郡下諏訪町,36.0763983,138.0905362,,https://maps.google.com/?cid=4445523595194139469&g_mp=Cidnb29nbGUubWFwcy5wbGFjZXMudjEuUGxhY2VzLlNlYXJjaFRleHQQAhgBIAA&hl=ja&gl=jp&source=apiv3,ChIJyxUlTFtVHGARTQMqDCissT0,,,,3,2,,,,conditional,,,,,,,2026-09-07,,,,,,,,,,,,,,,,,,,,,,,,,,,,,宿場町の歴史を見る,,,,both,unknown,unknown,no,unknown,unknown,unknown,unknown,,https://shimosuwaonsen.jp/tourism/473/,,,,,,,,,,,,,,,,要公式確認
L019,宿場街道資料館,ランドマーク,資料館,資料館,長野県諏訪郡下諏訪町,36.07562,138.08971599999998,,https://maps.google.com/?cid=2153443499302268449&g_mp=Cidnb29nbGUubWFwcy5wbGFjZXMudjEuUGxhY2VzLlNlYXJjaFRleHQQAhgBIAA&hl=ja&gl=jp&source=apiv3,ChIJEYThLVBVHGARIS7JA3SR4h0,,,,2,1,,,,hidden,,,,,,,2026-09-07,,,,,,,,,,,,,,,,,,,,,,,,,,,,,宿場町の資料を見る,,,,indoor,unknown,unknown,unknown,unknown,yes,unknown,no,,https://shimosuwaonsen.jp/tourism/462/;https://www.82bunka.or.jp/bunkashisetsu/detail.php?no=111,,,,,,,,,,,,,,,,要公式確認
L020,伏見屋邸,ランドマーク,歴史建築,歴史建築,長野県諏訪郡下諏訪町,36.079852599999995,138.0854406,,https://maps.google.com/?cid=9394735583597596009&g_mp=Cidnb29nbGUubWFwcy5wbGFjZXMudjEuUGxhY2VzLlNlYXJjaFRleHQQAhgBIAA&hl=ja&gl=jp&source=apiv3,ChIJ7YzTu1RVHGARaY0O4zzOYII,,,,2,1,,,,hidden,,,,,,,2026-09-07,,,,,,,,,,,,,,,,,,,,,,,,,,,,,古い町家を見る・休憩,,,,indoor,unknown,unknown,unknown,unknown,yes,unknown,yes,,https://shimosuwaonsen.jp/tourism/453/,,,,,,,,,,,,,,,,要公式確認
L021,今井邦子文学館,ランドマーク,文学館,文学館,長野県諏訪郡下諏訪町,36.0772893,138.0887883,,https://maps.google.com/?cid=475569387895685882&g_mp=Cidnb29nbGUubWFwcy5wbGFjZXMudjEuUGxhY2VzLlNlYXJjaFRleHQQAhgBIAA&hl=ja&gl=jp&source=apiv3,ChIJizbPjVFVHGAR-oKSr9aPmQY,,,,2,1,,,,hidden,,,,,,,2026-09-07,,,,,,,,,,,,,,,,,,,,,,,,,,,,,文学・展示を見る,,,,indoor,unknown,unknown,yes,yes,unknown,yes,unknown,,https://www.town.shimosuwa.lg.jp/www/contents/1474444286198/index.html,,,,,,,,,,,,,,,,要公式確認
L022,慈雲寺,ランドマーク,寺院,寺院,〒393-0005 長野県諏訪郡下諏訪町東町中606,36.0826622,138.08367909999998,,https://maps.google.com/?cid=1585445516156785534&g_mp=Cidnb29nbGUubWFwcy5wbGFjZXMudjEuUGxhY2VzLlNlYXJjaFRleHQQAhgBIAA&hl=ja&gl=jp&source=apiv3,ChIJP-neo6uqHWARftNCAUyiABY,,,,4,5,,,,normal,,,,,,,2026-09-07,,,,,,,,,,,,,,,,,,,,,,,,,,,,,参拝・庭園・散策,,,,both,unknown,unknown,unknown,unknown,unknown,unknown,unknown,,https://shimosuwaonsen.jp/tourism/,,,,,,,,,,,,,,,,要公式確認
L023,関東の富士見百景 下諏訪町 湖浜,ランドマーク,景勝地,景勝地,長野県諏訪郡下諏訪町,36.064743799999995,138.0899636,,https://maps.google.com/?cid=15900570114474231494&g_mp=Cidnb29nbGUubWFwcy5wbGFjZXMudjEuUGxhY2VzLlNlYXJjaFRleHQQAhgBIAA&hl=ja&gl=jp&source=apiv3,ChIJSf_CjGRVHGARxsZtN0Ysqtw,,,,4,4,,,,conditional,,,,,,,2026-09-07,,,,,,,,,,,,,,,,,,,,,,,,,,,,,諏訪湖・富士山方面の景色を見る・写真,,,,outdoor,unknown,unknown,unknown,unknown,unknown,unknown,unknown,,https://shimosuwaonsen.jp/tourism/448/,,,,,,,,,,,,,,,,要公式確認
L024,八島湿原,ランドマーク,自然・景勝地,自然・景勝地,長野県諏訪郡下諏訪町東俣,36.1199079,138.16066179999999,,https://maps.google.com/?cid=4433264248017549099&g_mp=Cidnb29nbGUubWFwcy5wbGFjZXMudjEuUGxhY2VzLlNlYXJjaFRleHQQAhgBIAA&hl=ja&gl=jp&source=apiv3,ChIJ0W-sLyCtHWARK3eGWlgehj0,,,,3,3,,,,conditional,,,,,,,2026-09-07,,,,,,,,,,,,,,,,,,,,,,,,,,,,,湿原散策・自然観察・写真,,,,outdoor,hard,mild,yes,unknown,unknown,unknown,yes,,https://shimosuwaonsen.jp/tourism/445/;https://shimosuwaonsen.jp/yashima/access/,,,,,,,,,,,,,,,,要公式確認
T001,下諏訪駅,交通,鉄道駅・交通ハブ,鉄道駅・交通ハブ,〒393-0056 長野県諏訪郡下諏訪町広瀬町5317,36.0720136,138.0849189,,,,,,,3,0,,,,conditional,交通・START/GOAL,いつでも,全員,通常の観光候補には出さない,,,2026-08-28,,,,,,,,,,,,,,,,,,,,,,no,,,,,,,鉄道利用・待ち合わせ・乗換・移動拠点,,,,both,unknown,unknown,yes,unknown,yes,unknown,unknown,,https://www.jreast.co.jp/estation/station/info.aspx?StationCd=823;https://shimosuwaonsen.jp/tourism/19012/,,,,,,,,,,,,,,,,確認済
X001,おんばしら館 よいさ,観光・文化,博物館・体験,,〒393-0092 長野県諏訪郡下諏訪町168-1,36.0812816,138.0808839,,https://maps.google.com/?cid=427413339889438240&g_mp=Cidnb29nbGUubWFwcy5wbGFjZXMudjEuUGxhY2VzLlNlYXJjaFRleHQQAhgBIAA&hl=ja&gl=jp&source=apiv3,ChIJWXL5eqqqHWARII5fCCt67gU,,,0266-26-0413,3,2,,,,conditional,,,,,,,2026-09-07,,,,,,,,,,,,,,,,,,,,,,,,,,,,,御柱祭の展示を見る・木落し体験,,,,,,,,,,,,,,,,,,,,,,,,,,,,,要座標確認
X002,下諏訪駅観光案内所,観光・案内,観光案内所,,〒393-0056 長野県諏訪郡下諏訪町5317（JR下諏訪駅構内）,36.072146499999995,138.0850094,,https://maps.google.com/?cid=11935958397797580943&g_mp=Cidnb29nbGUubWFwcy5wbGFjZXMudjEuUGxhY2VzLlNlYXJjaFRleHQQAhgBIAA&hl=ja&gl=jp&source=apiv3,ChIJfcYkUldVHGARj8CQYuwKpaU,,,0266-28-2231,2,1,,,,hidden,,,,,,,2026-09-07,,,,,,,,,,,,,,,,,,,,,,,,,,,,,観光情報を得る・お土産を見る・休憩,,,,,,,,,,,,,,,,,,,,,,,,,,,,,要座標確認
X003,しもすわ湯のまち商店,観光・休憩,観光休憩・買い物,,〒393-0051 長野県諏訪郡下諏訪町大社通3556 八幡坂高札ひろば土蔵内,36.0750016,138.08822609999999,,https://maps.google.com/?cid=5580322553791219162&g_mp=Cidnb29nbGUubWFwcy5wbGFjZXMudjEuUGxhY2VzLlNlYXJjaFRleHQQAhgBIAA&hl=ja&gl=jp&source=apiv3,ChIJM3KXDQBVHGAR2oXT_stJcU0,,,,2,1,,,,hidden,,,,,,,2026-09-07,,,,,,,,,,,,,,,,,,,,,,,,,,,,,休憩する・地域商品を見る,,,,,,,,,,,,,,,,,,,,,,,,,,,,,要座標確認
X004,星ケ塔ミュージアム 矢の根や,文化,博物館,,〒393-0015 長野県諏訪郡下諏訪町3289 しもすわ今昔館おいでや内,36.0756121,138.0893898,,https://maps.google.com/?cid=15952820498580500240&g_mp=Cidnb29nbGUubWFwcy5wbGFjZXMudjEuUGxhY2VzLlNlYXJjaFRleHQQAhgBIAA&hl=ja&gl=jp&source=apiv3,ChIJtySwNtJVHGAREO91x7jNY90,,,0266-27-0001,2,1,,,,hidden,,,,,,,2026-09-07,,,,,,,,,,,,,,,,,,,,,,,,,,,,,黒曜石と考古資料を見る,,,,,,,,,,,,,,,,,,,,,,,,,,,,,要座標確認
X005,時計工房 儀象堂,文化・体験,博物館・体験,,〒393-0015 長野県諏訪郡下諏訪町3289 しもすわ今昔館おいでや内,36.075673,138.089338,,https://maps.google.com/?cid=1278321362595633215&g_mp=Cidnb29nbGUubWFwcy5wbGFjZXMudjEuUGxhY2VzLlNlYXJjaFRleHQQAhgBIAA&hl=ja&gl=jp&source=apiv3,ChIJ_0yhNFBVHGARP1hOpoGCvRE,,,0266-27-0001,3,3,,,,conditional,,,,,,,2026-09-07,,,,,,,,,,,,,,,,,,,,,,,,,,,,,時計展示を見る・時計づくり体験,,,,,,,,,,,,,,,,,,,,,,,,,,,,,要座標確認
X006,星ヶ塔遺跡（黒曜石採掘遺跡）,史跡,遺跡,,長野県諏訪郡下諏訪町,36.1367088,138.14802659999998,,https://maps.google.com/?cid=5995078993592122933&g_mp=Cidnb29nbGUubWFwcy5wbGFjZXMudjEuUGxhY2VzLlNlYXJjaFRleHQQAhgBIAA&hl=ja&gl=jp&source=apiv3,ChIJt3JpDwCrHWARNf521ZTMMlM,,,,2,1,,,,hidden,,,,,,,2026-09-07,,,,,,,,,,,,,,,,,,,,,,,,,,,,,縄文時代の黒曜石採掘遺跡を知る,,,,,,,,,,,,,,,,,,,,,,,,,,,,,要座標確認
X007,梶原塚,史跡,史跡,,長野県諏訪郡下諏訪町,36.072701599999995,138.087157,,https://maps.google.com/?cid=8996546726251007517&g_mp=Cidnb29nbGUubWFwcy5wbGFjZXMudjEuUGxhY2VzLlNlYXJjaFRleHQQAhgBIAA&hl=ja&gl=jp&source=apiv3,ChIJ4ZnPZpVVHGARHQ5l75Qn2nw,,,,2,1,,,,hidden,,,,,,,2026-09-07,,,,,,,,,,,,,,,,,,,,,,,,,,,,,史跡を見る・歴史を知る,,,,,,,,,,,,,,,,,,,,,,,,,,,,,要座標確認
X008,八島ビジターセンター あざみ館,自然・案内,ビジターセンター,,長野県諏訪郡下諏訪町10618,36.1198438,138.15956210000002,,https://maps.google.com/?cid=14632394365094328643&g_mp=Cidnb29nbGUubWFwcy5wbGFjZXMudjEuUGxhY2VzLlNlYXJjaFRleHQQAhgBIAA&hl=ja&gl=jp&source=apiv3,ChIJ52AT21erHWARQ_nfOCa1EMs,,,,3,3,,,,hidden,,,,,,,2026-09-07,,,,,,,,,,,,,,,,,,,,,,,,,,,,,八島湿原の自然情報を得る・展示を見る,,,,,,,,,,,,,,,,,,,,,,,,,,,,,要座標確認
X009,中山道・甲州道中合流之地,史跡,史跡・街道,,長野県諏訪郡下諏訪町,36.0759143,138.0902028,,https://maps.google.com/?cid=8054251922578699250&g_mp=Cidnb29nbGUubWFwcy5wbGFjZXMudjEuUGxhY2VzLlNlYXJjaFRleHQQAhgBIAA&hl=ja&gl=jp&source=apiv3,ChIJWWBCKlBVHGAR8nPPSHNzxm8,,,,4,2,,,,hidden,,,,,,,2026-09-07,,,,,,,,,,,,,,,,,,,,,,,,,,,,,中山道と甲州道中の合流地点を見る,,,,,,,,,,,,,,,,,,,,,,,,,,,,,要座標確認
X010,東俣国有林（観音沢）,自然,自然・森林,,長野県諏訪郡下諏訪町東俣,36.10707187161347,138.16031711052787,,https://www.google.com/maps/search/?api=1&query=%E6%9D%B1%E4%BF%A3%E5%9B%BD%E6%9C%89%E6%9E%97%EF%BC%88%E8%A6%B3%E9%9F%B3%E6%B2%A2%EF%BC%89%20%E4%B8%8B%E8%AB%8F%E8%A8%AA%E7%94%BA,,,,,3,2,,,,hidden,,,,,,,2026-09-07,,,,,,,,,,,,,,,,,,,,,,,,,,,,,森林散策・自然観察,,,,,,,,,,,,,,,,,,,,,,,,,,,,,要座標確認
X011,mee mee center Sumeba,地域・交流,地域交流・まちづくり,,長野県諏訪郡下諏訪町,36.0760155,138.08676739999999,,https://maps.google.com/?cid=11582524456071236604&g_mp=Cidnb29nbGUubWFwcy5wbGFjZXMudjEuUGxhY2VzLlNlYXJjaFRleHQQAhgBIAA&hl=ja&gl=jp&source=apiv3,ChIJNTTZa1FVHGAR_ItmPqBkvaA,,,,3,0,,,,normal,,,,,,,,,,,,,,,,,,,,,,,,,,,,,,,,,,,,地域活動やまちづくりに触れる,,,,,,,,,,,,,,,,,,,,,,,,,,,,,要座標確認
X012,御田町商店街,まち歩き,商店街,,長野県諏訪郡下諏訪町御田町,36.075655437988146,138.08661319981067,,https://www.google.com/maps/search/?api=1&query=%E5%BE%A1%E7%94%B0%E7%94%BA%E5%95%86%E5%BA%97%E8%A1%97%20%E4%B8%8B%E8%AB%8F%E8%A8%AA%E7%94%BA,,,,,3,0,,,,normal,,,,,,,,,,,,,,,,,,,,,,,,,,,,,,,,,,,,商店街を歩く・買い物・町並みを見る,,,,,,,,,,,,,,,,,,,,,,,,,,,,,要座標確認
X013,下諏訪ローイングパーク（AQUA未来）,スポーツ・湖畔,スポーツ施設・湖畔,,長野県諏訪郡下諏訪町,36.0629285,138.0801924,,https://maps.google.com/?cid=11386145583317540793&g_mp=Cidnb29nbGUubWFwcy5wbGFjZXMudjEuUGxhY2VzLlNlYXJjaFRleHQQAhgBIAA&hl=ja&gl=jp&source=apiv3,ChIJs6HGGYf_HGARuV-G5hS3A54,,,,3,0,,,,normal,,,,,,,,,,,,,,,,,,,,,,,,,,,,,,,,,,,,ボート・レガッタを見る・湖畔散策,,,,,,,,,,,,,,,,,,,,,,,,,,,,,要座標確認
X014,青塚古墳,史跡,古墳・史跡,,長野県諏訪郡下諏訪町,36.076381,138.0891644,,https://maps.google.com/?cid=14169014561125926313&g_mp=Cidnb29nbGUubWFwcy5wbGFjZXMudjEuUGxhY2VzLlNlYXJjaFRleHQQAhgBIAA&hl=ja&gl=jp&source=apiv3,ChIJudwEx1FVHGARqYU_NaxzosQ,,,,2,1,,,,hidden,,,,,,,2026-09-07,,,,,,,,,,,,,,,,,,,,,,,,,,,,,古墳を見る・地域史を知る,,,,,,,,,,,,,,,,,,,,,,,,,,,,,要座標確認
X015,児宝地蔵尊,寺社,地蔵・史跡,,長野県諏訪郡下諏訪町,36.0764809,138.0897995,,https://maps.google.com/?cid=7876254025955403437&g_mp=Cidnb29nbGUubWFwcy5wbGFjZXMudjEuUGxhY2VzLlNlYXJjaFRleHQQAhgBIAA&hl=ja&gl=jp&source=apiv3,ChIJu55-Jt5VHGARrebPcU4TTm0,,,,2,2,,,,hidden,,,,,,,2026-09-07,,,,,,,,,,,,,,,,,,,,,,,,,,,,,参拝・地域の信仰を知る,,,,,,,,,,,,,,,,,,,,,,,,,,,,,要座標確認
X016,旧御射山遺跡,史跡・自然,遺跡・自然,,長野県諏訪郡下諏訪町,36.11344592076768,138.17251612386394,,https://www.google.com/maps/search/?api=1&query=%E6%97%A7%E5%BE%A1%E5%B0%84%E5%B1%B1%E9%81%BA%E8%B7%A1%20%E4%B8%8B%E8%AB%8F%E8%A8%AA%E7%94%BA,,,,,2,2,,,,hidden,,,,,,,2026-09-07,,,,,,,,,,,,,,,,,,,,,,,,,,,,,遺跡を見る・自然散策,,,,,,,,,,,,,,,,,,,,,,,,,,,,,要座標確認
X017,木落し坂（下社）,御柱・史跡,名所・御柱,,長野県諏訪郡下諏訪町町屋敷,36.1001543,138.0919178,,https://maps.google.com/?cid=9492220900994754037&g_mp=Cidnb29nbGUubWFwcy5wbGFjZXMudjEuUGxhY2VzLlNlYXJjaFRleHQQAhgBIAA&hl=ja&gl=jp&source=apiv3,ChIJ8TuZHoWrHWAR9aVUFZ4ku4M,,,,4,4,,,,normal,,,,,,,2026-09-07,,,,,,,,,,,,,,,,,,,,,,,,,,,,,御柱祭の木落し坂を見る・写真,,,,,,,,,,,,,,,,,,,,,,,,,,,,,要座標確認
X018,下馬橋,史跡・建築,歴史建築,,長野県諏訪郡下諏訪町大門,36.0802859,138.08186670000003,,https://maps.google.com/?cid=5231379828919631554&g_mp=Cidnb29nbGUubWFwcy5wbGFjZXMudjEuUGxhY2VzLlNlYXJjaFRleHQQAhgBIAA&hl=ja&gl=jp&source=apiv3,ChIJySiFwaqqHWARwv7lwzyYmUg,,,,3,1,,,,hidden,,,,,,,2026-09-07,,,,,,,,,,,,,,,,,,,,,,,,,,,,,下社最古の建造物を見る・写真,,,,,,,,,,,,,,,,,,,,,,,,,,,,,要座標確認
X019,来迎寺,寺社,寺院,,〒393-0019 長野県諏訪郡下諏訪町横町木の下3454,36.077725,138.0895688,,https://maps.google.com/?cid=16135977008873227943&g_mp=Cidnb29nbGUubWFwcy5wbGFjZXMudjEuUGxhY2VzLlNlYXJjaFRleHQQAhgBIAA&hl=ja&gl=jp&source=apiv3,ChIJG6vB8FFVHGARp0bC9ZiB7t8,,,,3,2,,,,conditional,,,,,,,2026-09-07,,,,,,,,,,,,,,,,,,,,,,,,,,,,,参拝・和泉式部ゆかりの地蔵を見る,,,,,,,,,,,,,,,,,,,,,,,,,,,,,要座標確認
X020,八幡坂 高札ひろば,史跡・まち歩き,広場・史跡,,〒393-0051 長野県諏訪郡下諏訪町大社通3556,36.0748217,138.0880417,,https://maps.google.com/?cid=13961295501465922107&g_mp=Cidnb29nbGUubWFwcy5wbGFjZXMudjEuUGxhY2VzLlNlYXJjaFRleHQQAhgBIAA&hl=ja&gl=jp&source=apiv3,ChIJBRvxcABVHGARO6oi2Ul8wME,,,,2,1,,,,hidden,,,,,,,2026-09-07,,,,,,,,,,,,,,,,,,,,,,,,,,,,,休憩・高札や町並みを見る,,,,,,,,,,,,,,,,,,,,,,,,,,,,,要座標確認
X021,根津八紘美術館,美術・文化,美術館,,〒393-0015 長野県諏訪郡下諏訪町立町3528-8,36.0754789,138.0899205,,https://maps.google.com/?cid=8489733204775776498&g_mp=Cidnb29nbGUubWFwcy5wbGFjZXMudjEuUGxhY2VzLlNlYXJjaFRleHQQAhgBIAA&hl=ja&gl=jp&source=apiv3,ChIJJy04L1BVHGAR8rB_hF6X0XU,,,,2,1,,,,hidden,,,,,,,2026-09-07,,,,,,,,,,,,,,,,,,,,,,,,,,,,,絵画鑑賞,,,,,,,,,,,,,,,,,,,,,,,,,,,,,要座標確認
X022,専女八幡,寺社,神社,,長野県諏訪郡下諏訪町,36.0747493,138.08961779999998,,https://maps.google.com/?cid=5297362912223516450&g_mp=Cidnb29nbGUubWFwcy5wbGFjZXMudjEuUGxhY2VzLlNlYXJjaFRleHQQAhgBIAA&hl=ja&gl=jp&source=apiv3,ChIJhRkj_VBVHGARIldphYADhEk,,,,4,4,,,,promote,,,,,,,2026-09-07,,,,,,,,,,,,,,,,,,,,,,,,,,,,,参拝・地域の神社を見る,,,,,,,,,,,,,,,,,,,,,,,,,,,,,要座標確認
X023,四ツ角湯むりひろば,まち歩き・休憩,広場・温泉街,,長野県諏訪郡下諏訪町御田町,36.0746903,138.0866513,,https://maps.google.com/?cid=16583196817085757438&g_mp=Cidnb29nbGUubWFwcy5wbGFjZXMudjEuUGxhY2VzLlNlYXJjaFRleHQQAhgBIAA&hl=ja&gl=jp&source=apiv3,ChIJDS_2u01VHGAR_vfIwqRZI-Y,,,,2,2,,,,hidden,,,,,,,2026-09-07,,,,,,,,,,,,,,,,,,,,,,,,,,,,,温泉街の雰囲気を楽しむ・休憩,,,,,,,,,,,,,,,,,,,,,,,,,,,,,要座標確認
X024,下諏訪駅前ひろば,交通・広場,広場・交通,,長野県諏訪郡下諏訪町5317,36.0722641,138.08431969999998,,https://maps.google.com/?cid=5154409134077687506&g_mp=Cidnb29nbGUubWFwcy5wbGFjZXMudjEuUGxhY2VzLlNlYXJjaFRleHQQAhgBIAA&hl=ja&gl=jp&source=apiv3,ChIJeXoiBUpVHGAR0ra6V8wjiEc,,,,3,0,,,,normal,,,,,,,,,,,,,,,,,,,,,,,,,,,,,,,,,,,,待ち合わせ・休憩・イベントを見る,,,,,,,,,,,,,,,,,,,,,,,,,,,,,要座標確認
X025,下諏訪町立図書館,公共・文化,図書館,,長野県諏訪郡下諏訪町,36.069919999999996,138.078578,,https://maps.google.com/?cid=4451139843506990735&g_mp=Cidnb29nbGUubWFwcy5wbGFjZXMudjEuUGxhY2VzLlNlYXJjaFRleHQQAhgBIAA&hl=ja&gl=jp&source=apiv3,ChIJjQA3SPj_HGARj27SwRqgxT0,,,,3,1,,,,hidden,,,,,,,2026-09-07,,,,,,,,,,,,,,,,,,,,,,,,,,,,,本を読む・休憩・地域情報を見る,,,,,,,,,,,,,,,,,,,,,,,,,,,,,要座標確認
X026,高木運動公園,公園・運動,公園・運動,,長野県諏訪郡下諏訪町西高木,36.066283399999996,138.1026156,,https://maps.google.com/?cid=17779246463169278786&g_mp=Cidnb29nbGUubWFwcy5wbGFjZXMudjEuUGxhY2VzLlNlYXJjaFRleHQQAhgBIAA&hl=ja&gl=jp&source=apiv3,ChIJXc-e7hRVHGARQjNTs3WSvPY,20-90,,,2,1,,,,hidden,,,,,,,2026-09-07,,,,,,,,,,,,,,,,,,,,,,,,,,,,,○,,,,,,,,,,,,,,,,,,,,,,,,,,,,,2026-08-23
X027,下諏訪町体育館,公共・スポーツ,体育館,,長野県諏訪郡下諏訪町,36.070635599999996,138.07894489999998,,https://maps.google.com/?cid=15232723397421916053&g_mp=Cidnb29nbGUubWFwcy5wbGFjZXMudjEuUGxhY2VzLlNlYXJjaFRleHQQAhgBIAA&hl=ja&gl=jp&source=apiv3,ChIJP134Qvj_HGARlV8dOTmBZdM,,,,3,0,,,,normal,,,,,,,,,,,,,,,,,,,,,,,,,,,,,,,,,,,,スポーツ・大会観戦・イベント,,,,,,,,,,,,,,,,,,,,,,,,,,,,,要座標確認
X028,下諏訪町総合運動場,公共・スポーツ,運動場,,長野県諏訪郡下諏訪町,36.0685064,138.0796509,,https://maps.google.com/?cid=13079091110563155605&g_mp=Cidnb29nbGUubWFwcy5wbGFjZXMudjEuUGxhY2VzLlNlYXJjaFRleHQQAhgBIAA&hl=ja&gl=jp&source=apiv3,ChIJFUFhV-X_HGARlQ4WrhFEgrU,,,,3,0,,,,normal,,,,,,,,,,,,,,,,,,,,,,,,,,,,,,,,,,,,スポーツ・大会観戦・散歩,,,,,,,,,,,,,,,,,,,,,,,,,,,,,要座標確認
X029,大灯籠,史跡・まち歩き,史跡・ランドマーク,,長野県諏訪郡下諏訪町大門,36.0744486,138.0810091,,https://maps.google.com/?cid=14342671348695312503&g_mp=Cidnb29nbGUubWFwcy5wbGFjZXMudjEuUGxhY2VzLlNlYXJjaFRleHQQAhgBIAA&hl=ja&gl=jp&source=apiv3,ChIJaxCw4lVVHGARdygo1ZlnC8c,,,,2,1,,,,hidden,,,,,,,2026-09-07,,,,,,,,,,,,,,,,,,,,,,,,,,,,,大灯籠を見る・三角八丁を歩く,,,,,,,,,,,,,,,,,,,,,,,,,,,,,要座標確認
X030,歴史のこみち,まち歩き,路地・まち歩き,,長野県諏訪郡下諏訪町立町,36.0753523,138.0899574,,https://maps.google.com/?cid=11323030594369911742&g_mp=Cidnb29nbGUubWFwcy5wbGFjZXMudjEuUGxhY2VzLlNlYXJjaFRleHQQAhgBIAA&hl=ja&gl=jp&source=apiv3,ChIJjwklXgBVHGARvntMZlV8I50,,,,3,0,,,,normal,,,,,,,,,,,,,,,,,,,,,,,,,,,,,,,,,,,,宿場町の路地を歩く,,,,,,,,,,,,,,,,,,,,,,,,,,,,,要座標確認
X031,旧矢崎商店,文化・産業,歴史建築・産業,,長野県諏訪郡下諏訪町3156,36.077000399999996,138.0867199,,https://maps.google.com/?cid=11938977190532034180&g_mp=Cidnb29nbGUubWFwcy5wbGFjZXMudjEuUGxhY2VzLlNlYXJjaFRleHQQAhgBIAA&hl=ja&gl=jp&source=apiv3,ChIJhXTnawBVHGARhC4n13_Er6U,,,,2,1,,,,hidden,,,,,,,2026-09-07,,,,,,,,,,,,,,,,,,,,,,,,,,,,,歴史建築を見る・イベント時に立ち寄る,,,,,,,,,,,,,,,,,,,,,,,,,,,,,要座標確認
X032,八島高原キャンプ場,自然・レジャー,キャンプ場,,長野県諏訪郡下諏訪町10618,36.118943400000006,138.16735,,https://maps.google.com/?cid=5483268080364549186&g_mp=Cidnb29nbGUubWFwcy5wbGFjZXMudjEuUGxhY2VzLlNlYXJjaFRleHQQAhgBIAA&hl=ja&gl=jp&source=apiv3,ChIJ6UsmgK6sHWARQvRdekR7GEw,,,,2,1,,,,conditional,,,,,,,2026-09-07,,,,,,,,,,,,,,,,,,,,,,,,,,,,,キャンプ・自然・休憩,,,,,,,,,,,,,,,,,,,,,,,,,,,,,要座標確認
X033,友之町駐車場,駐車・拠点,駐車場・レンタサイクル,,長野県諏訪郡下諏訪町友之町,36.0747159,138.0848518,,https://maps.google.com/?cid=5040809518835963602&g_mp=Cidnb29nbGUubWFwcy5wbGFjZXMudjEuUGxhY2VzLlNlYXJjaFRleHQQAhgBIAA&hl=ja&gl=jp&source=apiv3,ChIJAwqSL1FVHGAR0hagzoyN9EU,,,0266-27-0005,2,0,,,,conditional,,,,,,,,,,,,,,,,,,,,,,,,,,,,,,,,,,,,駐車・レンタサイクルの起点,,,,,,,,,,,,,,,,,,,,,,,,,,,,,要座標確認
S001,下諏訪駅公衆便所,トイレ,公衆トイレ,,長野県諏訪郡下諏訪町5315-16,36.07213391105952,138.08450989610537,,https://www.google.com/maps/search/?api=1&query=%E4%B8%8B%E8%AB%8F%E8%A8%AA%E9%A7%85%E5%85%AC%E8%A1%86%E4%BE%BF%E6%89%80,,,,,2,0,,,,conditional,,,,,,,,,,,,,,,,,,,,,,,,,,,,,,,,,,,,トイレを利用する,,,,屋内,,,,オストメイト対応,,,,,,,,,,,,,,,,,,,,,公式情報確認済
S002,秋宮公衆便所,トイレ,公衆トイレ,,長野県諏訪郡下諏訪町5814,36.0745755,138.0899873,,https://maps.google.com/?cid=13709594445413607164&g_mp=Cidnb29nbGUubWFwcy5wbGFjZXMudjEuUGxhY2VzLlNlYXJjaFRleHQQAhgBIAA&hl=ja&gl=jp&source=apiv3,ChIJe2u-VBFVHGAR_OaL9YJDQr4,,,,2,0,,,,conditional,,,,,,,,,,,,,,,,,,,,,,,,,,,,,,,,,,,,トイレを利用する,,,,屋内,,,,オストメイト対応,,,,,,,,,,,,,,,,,,,,,公式情報確認済
S003,春宮西公衆便所,トイレ,公衆トイレ,,長野県諏訪郡下諏訪町165-1,36.0810381,138.0821693,,https://maps.google.com/?cid=11531705253234802303&g_mp=Cidnb29nbGUubWFwcy5wbGFjZXMudjEuUGxhY2VzLlNlYXJjaFRleHQQAhgBIAA&hl=ja&gl=jp&source=apiv3,ChIJPTo63lGrHWARf_6QidTYCKA,,,,2,0,,,,conditional,,,,,,,,,,,,,,,,,,,,,,,,,,,,,,,,,,,,トイレを利用する,,,,屋内,,,,オストメイト・ベビーベッド対応,,,,,,,,,,,,,,,,,,,,,公式情報確認済
S004,高浜公衆便所,トイレ,公衆トイレ,,長野県諏訪郡下諏訪町11570,36.067521,138.09635649999998,,https://maps.google.com/?cid=17206626469880238059&g_mp=Cidnb29nbGUubWFwcy5wbGFjZXMudjEuUGxhY2VzLlNlYXJjaFRleHQQAhgBIAA&hl=ja&gl=jp&source=apiv3,ChIJOZ5wyDJVHGAR648LGJw3yu4,,,,2,0,,,,conditional,,,,,,,,,,,,,,,,,,,,,,,,,,,,,,,,,,,,トイレを利用する,,,,屋内,,,,多目的トイレあり,,,,,,,,,,,,,,,,,,,,,公式情報確認済
S005,慈雲寺下公衆便所,トイレ,公衆トイレ,,長野県諏訪郡下諏訪町573-5,36.0826622,138.08367909999998,,https://maps.google.com/?cid=1585445516156785534&g_mp=Cidnb29nbGUubWFwcy5wbGFjZXMudjEuUGxhY2VzLlNlYXJjaFRleHQQAhgBIAA&hl=ja&gl=jp&source=apiv3,ChIJP-neo6uqHWARftNCAUyiABY,,,,2,0,,,,conditional,,,,,,,,,,,,,,,,,,,,,,,,,,,,,,,,,,,,トイレを利用する,,,,屋内,,,,要確認,,,,,,,,,,,,,,,,,,,,,公式情報確認済
S006,友之町駐車場 レンタサイクル,交通・生活,レンタサイクル,,長野県諏訪郡下諏訪町289,36.0748002,138.0849249,,https://maps.google.com/?cid=4352421994465772896&g_mp=Cidnb29nbGUubWFwcy5wbGFjZXMudjEuUGxhY2VzLlNlYXJjaFRleHQQAhgBIAA&hl=ja&gl=jp&source=apiv3,ChIJae6w_pJVHGARYMW6bL7oZjw,,,0266-27-0005,2,0,,,,conditional,,,,,,,,,,,,,,,,,,,,,,,,,,,,,,,,,,,,電動アシスト自転車・E-BIKEを借りる,,,,両方,,,,管理棟便所,,,,,,,,,,,,,,,,,,,,,公式情報確認済
S007,しもすわ今昔館おいでや レンタサイクル,交通・生活,レンタサイクル,,長野県諏訪郡下諏訪町3289,36.075673,138.089338,,https://maps.google.com/?cid=1278321362595633215&g_mp=Cidnb29nbGUubWFwcy5wbGFjZXMudjEuUGxhY2VzLlNlYXJjaFRleHQQAhgBIAA&hl=ja&gl=jp&source=apiv3,ChIJ_0yhNFBVHGARP1hOpoGCvRE,10-30,,,2,0,,,,conditional,,,,,,,,,,,,,,,,,,,,,,,,,,,,,,,,,,,,○,,,,○,,,,要確認,,,,,,,,,,,,,,,,,,,,,2026-08-26
S008,JBT諏訪レンタサイクル（下諏訪駅）,交通・生活,レンタサイクル,,長野県諏訪郡下諏訪町5317,36.07217415461286,138.08502538357436,,https://www.google.com/maps/search/?api=1&query=JBT%E8%AB%8F%E8%A8%AA%E3%83%AC%E3%83%B3%E3%82%BF%E3%82%B5%E3%82%A4%E3%82%AF%E3%83%AB%20%E4%B8%8B%E8%AB%8F%E8%A8%AA%E9%A7%85,,,,070-1549-6562,2,0,,,,conditional,,,,,,,,,,,,,,,,,,,,,,,,,,,,,,,,,,,,自転車を借りる・上諏訪方面と相互返却,,,,両方,,,,要確認,,,,,,,,,,,,,,,,,,,,,観光公式情報確認済
C001,セブンイレブン下諏訪赤砂店,生活サービス,コンビニ,,長野県諏訪郡下諏訪町東赤砂4495-1,36.065930699999996,138.0785071,,https://maps.google.com/?cid=6841028612011913011&g_mp=Cidnb29nbGUubWFwcy5wbGFjZXMudjEuUGxhY2VzLlNlYXJjaFRleHQQAhgBIAA&hl=ja&gl=jp&source=apiv3,ChIJPZGa-JL_HGARM-9A_UY38F4,,, ,2,0,,,,conditional,,,,,,,,,,,,,,,,,,,,,,,,,,,,,,,,,,,,買い物・飲食物購入・休憩,,,,○,,,,要確認,,,,,,,,,,,,,,,,,,,,,2026-08-26
C002,セブンイレブン下諏訪西大路店,生活サービス,コンビニ,,長野県諏訪郡下諏訪町4354-2,36.06872148,138.07528983,,,,,,0266-27-4741,2,0,,,,conditional,,,,,,,,,,,,,,,,,,,,,,,,,,,,,,,,,,,,買い物・飲食物購入・休憩,,,,屋内,,,,要確認,,,,,,,,,,,,,,,,,,,,,Google属性要取得
C003,セブンイレブン下諏訪大社通り店,生活サービス,コンビニ,,長野県諏訪郡下諏訪町字上町3244-1,36.0748376,138.08733164,,,,,,0266-28-6603,2,0,,,,conditional,,,,,,,,,,,,,,,,,,,,,,,,,,,,,,,,,,,,買い物・飲食物購入・休憩,,,,屋内,,,,要確認,,,,,,,,,,,,,,,,,,,,,Google属性要取得
C004,セブンイレブン下諏訪湖浜店,生活サービス,コンビニ,,長野県諏訪郡下諏訪町湖畔町6158-6,36.06795808,138.09100459,,,,,,0266-28-7668,2,0,,,,conditional,,,,,,,,,,,,,,,,,,,,,,,,,,,,,,,,,,,,買い物・飲食物購入・休憩,,,,屋内,,,,要確認,,,,,,,,,,,,,,,,,,,,,Google属性要取得
C005,セブンイレブン下諏訪湖岸通り店,生活サービス,コンビニ,,長野県諏訪郡下諏訪町高木10616-137,36.06359534,138.10511243,,,,,,0266-26-3711,2,0,,,,conditional,,,,,,,,,,,,,,,,,,,,,,,,,,,,,,,,,,,,買い物・飲食物購入・休憩,,,,屋内,,,,要確認,,,,,,,,,,,,,,,,,,,,,Google属性要取得
C006,ファミリーマート下諏訪春宮大門店,生活サービス,コンビニ,,長野県諏訪郡下諏訪町矢木西11,36.07498367,138.07922604,,,,,,0266-26-4540,2,0,,,,conditional,,,,,,,,,,,,,,,,,,,,,,,,,,,,,,,,,,,,買い物・飲食物購入・休憩,,,,屋内,,,,要確認,,,,,,,,,,,,,,,,,,,,,Google属性要取得
C007,ローソン下諏訪社店,生活サービス,コンビニ,,長野県諏訪郡下諏訪町社東町4-4,36.07518107,138.07636558,,,,,,0266-78-3963,2,0,,,,conditional,,,,,,,,,,,,,,,,,,,,,,,,,,,,,,,,,,,,買い物・飲食物購入・休憩,,,,屋内,,,,要確認,,,,,,,,,,,,,,,,,,,,,Google属性要取得
W001,みずべ公園,公園・散策,公園・湖畔,,長野県諏訪郡下諏訪町,36.0651061,138.0902144,,https://maps.google.com/?cid=17510986954822690320&g_mp=Cidnb29nbGUubWFwcy5wbGFjZXMudjEuUGxhY2VzLlNlYXJjaFRleHQQAhgBIAA&hl=ja&gl=jp&source=apiv3,ChIJZdcuLNdVHGAREKa0tNuFA_M,,,,4,4,,,,promote,,,,,,,2026-09-07,,,,,,,,,,,,,,,,,,,,,,,,,,,,,諏訪湖畔を散歩する・景色を見る・休憩する,,,,屋外,,,,,,,,,,,,,,,,,,,,,,,,,公式情報確認済
W002,浮島,自然・散策,水辺・散策,,長野県諏訪郡下諏訪町（諏訪大社下社春宮西側・砥川中洲）,36.0822564,138.08159089999998,,https://maps.google.com/?cid=4433790417155005433&g_mp=Cidnb29nbGUubWFwcy5wbGFjZXMudjEuUGxhY2VzLlNlYXJjaFRleHQQAhgBIAA&hl=ja&gl=jp&source=apiv3,ChIJWzEIaqqqHWAR-RsOp-T8hz0,,,,2,1,,,,hidden,,,,,,,2026-09-07,,,,,,,,,,,,,,,,,,,,,,,,,,,,,砥川の中洲を散策する・水辺を見る,,,,屋外,,,,,,,,,,,,,,,,,,,,,,,,,公式情報確認済
W003,諏訪湖畔ジョギングロード（下諏訪港付近）,散策,遊歩道・湖畔,,長野県諏訪郡下諏訪町 諏訪湖畔,36.0602708,138.0799682,,https://maps.google.com/?cid=11332909621213112266&g_mp=Cidnb29nbGUubWFwcy5wbGFjZXMudjEuUGxhY2VzLlNlYXJjaFRleHQQAhgBIAA&hl=ja&gl=jp&source=apiv3,ChIJhdX1XPz_HGARyqcDlEGVRp0,,,,3,0,,,,normal,,,,,,,,,,,,,,,,,,,,,,,,,,,,,,,,,,,,湖畔を歩く・走る・景色を見る,,,,屋外,,,,,,,,,,,,,,,,,,,,,,,,,公式観光情報確認済
F001,門前ひろば食祭館 神の湯,足湯,無料足湯,,〒393-0051 長野県諏訪郡下諏訪町大社通5522-2,36.0744983,138.0868927,,https://maps.google.com/?cid=3041592393112019469&g_mp=Cidnb29nbGUubWFwcy5wbGFjZXMudjEuUGxhY2VzLlNlYXJjaFRleHQQAhgBIAA&hl=ja&gl=jp&source=apiv3,ChIJhRkj_VBVHGARDeL4niroNSo,,,0266-26-4932,4,0,,,,normal,,,,,,,,,,,,,,,,,,,,,,,,,,,,,,,,,,,,無料の足湯で休憩する・まち歩きの疲れを癒す,,,,屋外,,,,,,,,,,,,,,,,,,,,,,,,,観光公式情報確認済
F002,しもすわ今昔館おいでや 足湯（御柱神湯／やすらぎの足湯）,足湯,無料足湯,,〒393-0015 長野県諏訪郡下諏訪町立町3289,36.07569129035368,138.08934632580832,,https://www.google.com/maps/search/?api=1&query=しもすわ今昔館おいでや%20足湯,,,,0266-27-0001,4,0,,,,normal,,,,,,,,,,,,,,,,,,,,,,,,,,,,,,,,,,,,無料の足湯で休憩する・宿場町散策の疲れを癒す,,,,両方,,,,,,,,,,,,,,,,,,,,,,,,,観光公式情報確認済（営業時間は足湯紹介ページ基準）
F003,下諏訪ローイングパーク AQUA未来 足湯,足湯,無料足湯・湖畔,,〒393-0046 長野県諏訪郡下諏訪町10616-45,36.063161099999995,138.0807437,,https://maps.google.com/?cid=5686391564369319704&g_mp=Cidnb29nbGUubWFwcy5wbGFjZXMudjEuUGxhY2VzLlNlYXJjaFRleHQQAhgBIAA&hl=ja&gl=jp&source=apiv3,ChIJa1rHN4NVHGARGNcCAAAf6k4,,,0266-27-1455,4,0,,,,normal,,,,,,,,,,,,,,,,,,,,,,,,,,,,,,,,,,,,諏訪湖を眺めながら足湯で休憩する・散歩やサイクリングの途中で立ち寄る,,,,屋外,,,,,,,,,,,,,,,,,,,,,,,,,公式施設営業時間を暫定適用・足湯個別時間は要確認
F004,高浜健康温泉センター ゆたん歩゜ 足湯（あじさいの湯）,足湯,足湯・温泉,,〒393-0034 長野県諏訪郡下諏訪町高浜10616-90,36.0682434,138.0974329,,https://maps.google.com/?cid=14743371010474810237&g_mp=Cidnb29nbGUubWFwcy5wbGFjZXMudjEuUGxhY2VzLlNlYXJjaFRleHQQAhgBIAA&hl=ja&gl=jp&source=apiv3,ChIJ6VXxGUJVHGARfZsk_9H5msw,,,0266-26-2626,4,3,,,,promote,,,,,,,2026-09-07,,,,,,,,,,,,,,,,,,,,,,,,,,,,,足湯に入る・温泉施設で休憩する,,,,両方,,,,,,,,,,,,,,,,,,,,,,,,,公式情報確認済
UT001,トイレ利用ポイント（八幡坂高札ひろば）,トイレ,トイレ利用ポイント,,〒393-0000 長野県諏訪郡下諏訪町木の下3556,36.07479059570398,138.08809152855036,,,,,,,2,0,,,,conditional,,,,,"https://www.google.com/maps/place/%E5%85%AB%E5%B9%A1%E5%9D%82%E9%AB%98%E6%9C%AD%E3%81%B2%E3%82%8D%E3%81%B0/@36.0746088,138.0879615,20.15z/data=!4m10!1m2!2m1!1z44CSMzkzLTAwMDAg6ZW36YeO55yM6KuP6Kiq6YOh5LiL6KuP6Kiq55S65pyo44Gu5LiLMzU1Ng!3m6!1s0x601c550070f11b05:0xc1c07c49d922aa3b!8m2!3d36.0748217!4d138.0880417!15sCjfjgJIzOTMtMDAwMCDplbfph47nnIzoq4_oqKrpg6HkuIvoq4_oqKrnlLrmnKjjga7kuIszNTU2kgEEcGFya-ABAA!16s%2Fg%2F11vrsflm0l?authuser=0&entry=ttu&g_ep=EgoyMDI2MDgyNi4wIKXMDSoASAFQAw%3D%3D",,2026-08-29,yes,yes,yes,yes,yes,yes,yes,,,,,,,毎日,,,,,,,,,,,,,,,トイレを利用する,,5-10,,屋内,,,,要確認,,,,,,,,,,,,,,,,,,,,,ユーザー利用確認済
UT002,トイレ利用ポイント（5524-4）,トイレ,トイレ利用ポイント,,〒393-0000 長野県諏訪郡下諏訪町5524-4,36.07437161483193,138.0871040306531,,,,,,,2,0,,,,conditional,,,,,,,2026-08-29,yes,yes,yes,yes,yes,yes,yes,,,,,,,毎日,,,,,,,,,,,,,,,トイレを利用する,,5-10,,屋内,,,,要確認,,,,,,,,,,,,,,,,,,,,,ユーザー利用確認済
UT003,トイレ利用ポイント（確認座標01）,トイレ,トイレ利用ポイント,,,36.075749790126196,138.0868461533162,,,,,,,2,0,,,,conditional,,,,,,,,,,,,,,,,,,,,,,,,,,,,,,,,,,,,トイレを利用する,,,,屋内,,,,要確認,,,,,,,,,,,,,,,,,,,,,ユーザー利用確認済
UT004,トイレ利用ポイント（みずべ公園）,トイレ,トイレ利用ポイント,,〒393-0045 長野県諏訪郡下諏訪町南四王6150-21,36.064993209221534,138.0897021523707,,,,,,,2,0,,,,conditional,,,,,"https://www.google.com/maps/place/%E5%85%AC%E8%A1%86%E3%83%88%E3%82%A4%E3%83%AC/@36.0651456,138.0893068,18.93z/data=!4m9!1m2!2m1!1z44CSMzkzLTAwMDAg6ZW36YeO55yM6KuP6Kiq6YOh5LiL6KuP6Kiq55S65pyo44Gu5LiLMzU1Ng!3m5!1s0x601c55e5198f61a5:0x87ded34eb0116bb6!8m2!3d36.064962!4d138.0897083!16s%2Fg%2F11fvv2k3t9?authuser=0&entry=ttu&g_ep=EgoyMDI2MDgyNi4wIKXMDSoASAFQAw%3D%3D",,2026-08-29,yes,yes,yes,yes,yes,yes,yes,,,,,,,毎日,,,,,,,,,,,,,,,トイレを利用する,,5-10,,屋内,,,,要確認,,,,,,,,,,,,,,,,,,,,,ユーザー利用確認済
UT005,トイレ利用ポイント（高浜公衆トイレ）,トイレ,トイレ利用ポイント,,〒393-0034 長野県諏訪郡下諏訪町高浜6190-2,36.06757122734987,138.096365324283,,,,,,,2,0,,,,conditional,,,,,"https://www.google.com/maps/place/%E4%B8%8B%E8%AB%8F%E8%A8%AA%E7%94%BA%E9%AB%98%E6%B5%9C%E5%85%AC%E8%A1%86%E3%83%88%E3%82%A4%E3%83%AC/@36.0674402,138.094938,19.08z/data=!4m9!1m2!2m1!1z44CSMzkzLTAwMDAg6ZW36YeO55yM6KuP6Kiq6YOh5LiL6KuP6Kiq55S65pyo44Gu5LiLMzU1Ng!3m5!1s0x601c5532c8709e39:0xeeca379c180b8feb!8m2!3d36.067521!4d138.0963565!16s%2Fg%2F11gh9nlchk?authuser=0&entry=ttu&g_ep=EgoyMDI2MDgyNi4wIKXMDSoASAFQAw%3D%3D",,2026-08-29,yes,yes,yes,yes,yes,yes,yes,,,,,,,毎日,,,,,,,,,,,,,,,トイレを利用する,,5-10,,屋内,,,,要確認,,,,,,,,,,,,,,,,,,,,,ユーザー利用確認済
UT006,トイレ利用ポイント（確認座標02）,トイレ,トイレ利用ポイント,,,36.068394149543224,138.09692996960393,,,,,,,2,0,,,,conditional,,,,,,,,,,,,,,,,,,,,,,,,,,,,,,,,,,,,トイレを利用する,,,,屋内,,,,要確認,,,,,,,,,,,,,,,,,,,,,ユーザー利用確認済
UT007,ツルハドラッグ周辺 利用可能トイレ,トイレ,店舗内トイレ,,〒393-0000 長野県諏訪郡下諏訪町6284-1,36.0675650848522,138.09897686731603,,,,,,,2,0,,,,conditional,,,,,"https://www.google.com/maps/place/%E3%83%84%E3%83%AB%E3%83%8F%E3%83%89%E3%83%A9%E3%83%83%E3%82%B0+%E4%B8%8B%E8%AB%8F%E8%A8%AA%E5%BA%97/@36.0673194,138.0974457,19.08z/data=!4m9!1m2!2m1!1z44CSMzkzLTAwMDAg6ZW36YeO55yM6KuP6Kiq6YOh5LiL6KuP6Kiq55S65pyo44Gu5LiLMzU1Ng!3m5!1s0x601c554219f155e9:0xb50626b3917d3d9c!8m2!3d36.0675645!4d138.098974!16s%2Fg%2F12m9fndft?authuser=0&entry=ttu&g_ep=EgoyMDI2MDgyNi4wIKXMDSoASAFQAw%3D%3D",,2026-08-29,yes,yes,yes,yes,yes,yes,yes,,,,,,,毎日,店舗営業時間内,,,,,,,,,,,,,,トイレを利用する,,5-10,,屋内,,,,要確認,,,,,,,,,,,,,,,,,,,,,ユーザー利用確認済
UT008,トイレ利用ポイント（西高木公衆トイレ）,トイレ,トイレ利用ポイント,,〒393-0033 長野県諏訪郡下諏訪町西高木,36.066843813737336,138.10187769513752,,,,,,,2,0,,,,conditional,,,,,"https://www.google.com/maps/place/%E4%B8%8B%E8%AB%8F%E8%A8%AA%E7%94%BA%E8%A5%BF%E9%AB%98%E6%9C%A8%E5%85%AC%E8%A1%86%E3%83%88%E3%82%A4%E3%83%AC/@36.0668274,138.1001768,19.08z/data=!4m9!1m2!2m1!1z44CSMzkzLTAwMDAg6ZW36YeO55yM6KuP6Kiq6YOh5LiL6KuP6Kiq55S65pyo44Gu5LiLMzU1Ng!3m5!1s0x601c553c93ba935b:0x674b8288fd14861d!8m2!3d36.0668098!4d138.1018601!16s%2Fg%2F11qnt08rpn?authuser=0&entry=ttu&g_ep=EgoyMDI2MDgyNi4wIKXMDSoASAFQAw%3D%3D",,2026-08-29,yes,yes,yes,yes,yes,yes,yes,,,,,,,毎日,,,,,,,,,,,,,,,トイレを利用する,,5-10,,屋内,,,,要確認,,,,,,,,,,,,,,,,,,,,,ユーザー利用確認済
UT009,トイレ利用ポイント（確認座標03）,トイレ,トイレ利用ポイント,,,36.07534851542226,138.09789288038934,,,,,,,2,0,,,,conditional,,,,,,,,,,,,,,,,,,,,,,,,,,,,,,,,,,,,トイレを利用する,,,,屋内,,,,要確認,,,,,,,,,,,,,,,,,,,,,ユーザー利用確認済
UT010,トイレ利用ポイント（確認座標04）,トイレ,トイレ利用ポイント,,,36.068571040903656,138.08017310291214,,,,,,,2,0,,,,conditional,,,,,,,,,,,,,,,,,,,,,,,,,,,,,,,,,,,,トイレを利用する,,,,屋内,,,,要確認,,,,,,,,,,,,,,,,,,,,,ユーザー利用確認済
UT011,マクドナルド周辺 利用可能トイレ,トイレ,店舗内トイレ,,〒393-0046 長野県諏訪郡下諏訪町東赤砂4632-1,36.06639838902624,138.08058446178825,,,,,,,2,0,,,,conditional,,,,,"https://www.google.com/maps/place/%E3%83%9E%E3%82%AF%E3%83%89%E3%83%8A%E3%83%AB%E3%83%89+%E4%B8%8B%E8%AB%8F%E8%A8%AA%E5%BA%97/@36.0665356,138.0796384,19.08z/data=!4m9!1m2!2m1!1z44CSMzkzLTAwMDAg6ZW36YeO55yM6KuP6Kiq6YOh5LiL6KuP6Kiq55S65pyo44Gu5LiLMzU1Ng!3m5!1s0x601c5558a1da692f:0x66953803165c2e75!8m2!3d36.066352!4d138.0805274!16s%2Fg%2F1tn019db?authuser=0&entry=ttu&g_ep=EgoyMDI2MDgyNi4wIKXMDSoASAFQAw%3D%3D",,2026-08-29,yes,yes,yes,yes,yes,yes,yes,,,,,,,毎日,店舗営業時間内,,,,,,,,,,,,,,トイレを利用する,,5-10,,屋内,,,,要確認,,,,,,,,,,,,,,,,,,,,,ユーザー利用確認済
UT012,トイレ利用ポイント（確認座標05）,トイレ,トイレ利用ポイント,,,36.06043387745087,138.07997594313244,,,,,,,2,0,,,,conditional,,,,,,,,,,,,,,,,,,,,,,,,,,,,,,,,,,,,トイレを利用する,,,,屋内,,,,要確認,,,,,,,,,,,,,,,,,,,,,ユーザー利用確認済
UT013,トイレ利用ポイント（東赤砂10944）,トイレ,トイレ利用ポイント,,〒393-0046 長野県諏訪郡下諏訪町東赤砂10944,36.060412130957275,138.07663591322205,,https://www.google.com/maps/search/?api=1&query=%E4%B8%8B%E8%AB%8F%E8%A8%AA%E7%94%BA%E6%9D%B1%E8%B5%A4%E7%A0%8210944,,,,,2,0,,,,conditional,,,,,,,,,,,,,,,,,,,,,,,,,,,,,,,,,,,,トイレを利用する,,,,屋内,,,,要確認,,,,,,,,,,,,,,,,,,,,,ユーザー利用確認済
UT014,トイレ利用ポイント（西赤砂）,トイレ,トイレ利用ポイント,,〒393-0047 長野県諏訪郡下諏訪町西赤砂,36.060612,138.076338,,https://maps.google.com/?cid=14351675845354520207&g_mp=Cidnb29nbGUubWFwcy5wbGFjZXMudjEuUGxhY2VzLlNlYXJjaFRleHQQAhgBIAA&hl=ja&gl=jp&source=apiv3,ChIJD4NalHP_HGARj_7olSRlK8c,,,,2,0,,,,conditional,,,,,,,,,,,,,,,,,,,,,,,,,,,,,,,,,,,,トイレを利用する,,,,屋内,,,,要確認,,,,,,,,,,,,,,,,,,,,,ユーザー利用確認済
UT015,トイレ利用ポイント（確認座標06）,トイレ,トイレ利用ポイント,,,36.069424412906486,138.07905175072733,,,,,,,2,0,,,,conditional,,,,,,,,,,,,,,,,,,,,,,,,,,,,,,,,,,,,トイレを利用する,,,,屋内,,,,要確認,,,,,,,,,,,,,,,,,,,,,ユーザー利用確認済
R034,ちいとこ商店,飲食店,コーヒー・クラフトビール・駄菓子,,〒393-0061 長野県諏訪郡下諏訪町御田町下３２１７−５,36.07540275874527,138.08650324417758,,"https://www.google.com/maps/place/%E9%A7%84%E8%8F%93%E5%AD%90%E3%81%A8%E3%83%93%E3%83%BC%E3%83%AB%E3%81%A8%E3%82%B3%E3%83%BC%E3%83%92%E3%83%BC%E3%81%AE%E3%81%8A%E5%BA%97+%E3%81%A1%E3%81%84%E3%81%A8%E3%81%93%E5%95%86%E5%BA%97/@36.075238,138.0864496,17z/data=!3m1!4b1!4m6!3m5!1s0x601c55fe380616bf:0xeb75b15fda65501f!8m2!3d36.075238!4d138.0864496!16s%2Fg%2F11ftz36dqs?hl=ja&entry=ttu&g_ep=EgoyMDI2MDkwMi4wIKXMDSoASAFQAw%3D%3D",,,,,5,5,,https://www.instagram.com/chiitoko_shouten?igsh=YnpqOHdicXc4cTY1,yes,hidden,,,,,,,2026-09-05,,,,,,,,,,,,,,,,,,,,,,,,,,,,,,,,,,,,,,,,,,,,,,,,,,,,,,,,,,
R035,ちいとこ商店,飲食店,コーヒー・クラフトビール・駄菓子,,〒393-0061 長野県諏訪郡下諏訪町御田町下３２１７−５,36.07540275874527,138.08650324417758,,"https://www.google.com/maps/place/%E9%A7%84%E8%8F%93%E5%AD%90%E3%81%A8%E3%83%93%E3%83%BC%E3%83%AB%E3%81%A8%E3%82%B3%E3%83%BC%E3%83%92%E3%83%BC%E3%81%AE%E3%81%8A%E5%BA%97+%E3%81%A1%E3%81%84%E3%81%A8%E3%81%93%E5%95%86%E5%BA%97/@36.075238,138.0864496,17z/data=!3m1!4b1!4m6!3m5!1s0x601c55fe380616bf:0xeb75b15fda65501f!8m2!3d36.075238!4d138.0864496!16s%2Fg%2F11ftz36dqs?hl=ja&entry=ttu&g_ep=EgoyMDI2MDkwMi4wIKXMDSoASAFQAw%3D%3D",,,,,5,5,,https://www.instagram.com/chiitoko_shouten?igsh=YnpqOHdicXc4cTY1,,promote,,,,,,,2026-09-05,,,,,,,,,,,,,,,,,,,,,,,,,,,,,,,,,,,,,,,,,,,,,,,,,,,,,,,,,,
R036,居酒屋ゆき,飲食店,居酒屋・夕食,居酒屋,〒393-0056 長野県諏訪郡下諏訪町広瀬町５３１２,36.073097077169905,138.08496902582274,,"https://www.google.com/maps/place/%E5%B1%85%E9%85%92%E5%B1%8B%E3%82%86%E3%81%8D/@36.0729757,138.0823834,17z/data=!3m1!4b1!4m6!3m5!1s0x601c555736a9e859:0x63059bcc6e84d5eb!8m2!3d36.0729757!4d138.0849583!16s%2Fg%2F1tgmwbwb?hl=ja&entry=ttu&g_ep=EgoyMDI2MDkwMi4wIKXMDSoASAFQAw%3D%3D",,,,,5,5,,安心できる居酒屋さん,,promote,,夜,観光客,比較的混んでます,,,2026-09-05,yes,yes,yes,yes,yes,yes,no,18:00,23:00,,,,,,18:00-23:00,日曜日,,,,yes,,,,yes,,,yes,yes,日本の居酒屋,30分,2時間,,,,,あり,,,,,,,,,,,,,,,,,,,,,,
R037,食堂 暁 316,飲食店,昼食,,〒393〒393-0042 長野県諏訪郡下諏訪町北四王５２２１−１,36.07142341005838,138.08655689347952,,"https://www.google.com/maps/place/%E9%A3%9F%E5%A0%82+%E6%9A%81+316/@36.0729757,138.0823834,17z/data=!4m14!1m7!3m6!1s0x601c555736a9e859:0x63059bcc6e84d5eb!2z5bGF6YWS5bGL44KG44GN!8m2!3d36.0729757!4d138.0849583!16s%2Fg%2F1tgmwbwb!3m5!1s0x601c5503927a6899:0x4a0be899dd024e52!8m2!3d36.0712245!4d138.0864286!16s%2Fg%2F11r18rmgv0?hl=ja&entry=ttu&g_ep=EgoyMDI2MDkwMi4wIKXMDSoASAFQAw%3D%3D",,,,,4,5,,,,promote,,昼,観光客/地元,,,,2026-09-05,no,no,yes,yes,yes,yes,no,11:30,14:00,,,,,,11:30-14:00,月曜日・火曜日,,,yes,,,,,yes,,,,,,,,,,,,,,,,,,,,,,,,,,,,,,,,,,
R038,くるまやラーメン 下諏訪店,飲食店,ラーメン,,〒393-0047 長野県諏訪郡下諏訪町西赤砂４３６３−６,36.0665768,138.0736738,https://www.kurumayaramen.co.jp/shoplist/shop/10480.htm,https://maps.google.com/?cid=9805391726195849610&g_mp=Cidnb29nbGUubWFwcy5wbGFjZXMudjEuUGxhY2VzLlNlYXJjaFRleHQQAhgBIAA&hl=ja&gl=jp&source=apiv3,,3.7,297,0266-27-4747,4,5,,,,normal,,昼・午後・夜,観光客・地元,,,,2026-09-07,yes,yes,yes,yes,yes,yes,yes,11:00,00:00,,,,,毎日,11:00-00:00,,,,yes,yes,,yes,,yes,,,,,味噌ラーメン,,,,,,,あり,,,,,,,,,,,,,,,,,,,,,,
R039,テンホウ 下諏訪 湖浜店,飲食店,中華・ラーメン,長野県ソウルフード,〒393-0001 長野県諏訪郡下諏訪町湖浜６１５７−１,36.0675971,138.0900842,http://tenhoo.jp/,https://maps.google.com/?cid=11243650152560216876&g_mp=Cidnb29nbGUubWFwcy5wbGFjZXMudjEuUGxhY2VzLlNlYXJjaFRleHQQAhgBIAA&hl=ja&gl=jp&source=apiv3,,3.7,386,0266-28-7557,4,5,,,,normal,,昼・午後・夜,観光客/地元,,,,2026-09-07,yes,yes,yes,yes,yes,yes,yes,11:00,22:00,,,,,毎日,11:00-22:00,,,,yes,yes,,yes,,yes,,,,,,,,,,,,,,,,,,,,,,,,,,,,,,,,,,
R040,丸亀製麺諏訪,飲食店,うどん,,〒393-0034 長野県諏訪郡下諏訪町６１９１−５,36.0679443,138.0955894,https://stores.marugame.com/110524?utm_source=google_serps&utm_medium=gmb&utm_campaign=gbpwebs,https://maps.google.com/?cid=11531649239735675900&g_mp=Cidnb29nbGUubWFwcy5wbGFjZXMudjEuUGxhY2VzLlNlYXJjaFRleHQQAhgBIAA&hl=ja&gl=jp&source=apiv3,,3.6,565,0266-28-0115,4,4,,,,normal,,昼/午後/夜,観光客/地元,,,,2026-09-05,yes,yes,yes,yes,yes,yes,yes,10:30,22:00,,,,,毎日,10:30-22:00,,,,yes,yes,,,,yes,,,,,,,,,,,,,,,,,,,,,,,,,,,,,,,,,,
R041,ハラちゃんの店～食想人～,飲食店,海鮮料理,,〒393-0034 長野県諏訪郡下諏訪町高浜６１８２−４ レジデンス 津金 101号室,36.0676311,138.0934753,https://suwa.mypl.net/shop/00000382909/,https://maps.google.com/?cid=12652597453193955295&g_mp=Cidnb29nbGUubWFwcy5wbGFjZXMudjEuUGxhY2VzLlNlYXJjaFRleHQQAhgBIAA&hl=ja&gl=jp&source=apiv3,,4.4,41,090-3083-2858,3,3,,,,normal,,昼/夜,地元,,,,2026-09-05,yes,yes,no,yes,yes,yes,yes,11:30,14:00,17:30,22:30,,,日・月・火・木・金・土,11:30-14:00 / 17:30-22:30,水,,,yes,yes,,,,yes,,,,,,,,,,,,,,,,,,,,,,,,,,,,,,,,,,
R042,食事なとり,飲食店,定食屋,,〒393-0045 長野県諏訪郡下諏訪町南四王６１３３−３８ 町南四王６１３５−１,36.067798499999995,138.0874315,,https://maps.google.com/?cid=360071216934147463&g_mp=Cidnb29nbGUubWFwcy5wbGFjZXMudjEuUGxhY2VzLlNlYXJjaFRleHQQAhgBIAA&hl=ja&gl=jp&source=apiv3,,3.8,118,0266-27-7316,4,4,,,,normal,,昼/夜,,,,,2026-09-05,yes,yes,yes,no,yes,yes,yes,11:30,14:00,17:00,20:00,,,日・月・火・水・金・土,11:30-14:00 / 17:00-20:00,木,,,yes,yes,,,,,,,,,,,,,,,,,,,,,,,,,,,,,,,,,,,,,,
R043,富士アイス 下諏訪店,飲食店,焼き菓子・アイスクリーム,軽食・おやつ,〒393-0045 長野県諏訪郡下諏訪町南四王６１２６−１,36.0675223,138.0869486,,https://maps.google.com/?cid=12169525543244415127&g_mp=Cidnb29nbGUubWFwcy5wbGFjZXMudjEuUGxhY2VzLlNlYXJjaFRleHQQAhgBIAA&hl=ja&gl=jp&source=apiv3,,4.3,374,0266-28-6230,5,5,,安くて美味しい,,promote,,昼/午後,観光客/地元/家族,,安くて美味しい,,2026-09-05,yes,yes,no,yes,yes,yes,yes,09:00,19:30,,,,,日・月・火・木・金・土,09:00-19:30,水,,yes,,,,,,,yes,yes,yes,yes,,,,,,,,,,,,,,,,,,,,,,,,,,,,,,
R044,丸松水産 丸松市場食堂,飲食店,魚介,,〒393-0000 長野県諏訪郡下諏訪町４８７２−６,36.0669703,138.08621979999998,https://www.instagram.com/marumatsusuisan?igsh=emk0OTJwb3R4YXVo,https://maps.google.com/?cid=3387613466922909956&g_mp=Cidnb29nbGUubWFwcy5wbGFjZXMudjEuUGxhY2VzLlNlYXJjaFRleHQQAhgBIAA&hl=ja&gl=jp&source=apiv3,,4.3,59,0266-78-3967,4,4,,,,normal,,昼/夜,地元,,,,2026-09-05,yes,no,no,yes,yes,yes,yes,11:00,14:00,18:00,22:00,,,日・月・木・金・土,11:00-14:00 / 18:00-22:00,火・水,,,,,,,,,,,,,,,,,,,,,,,,,,,,,,,,,,,,,,,,,,
R045,Suwa no Wa,飲食店,cafe・ピザ,,〒393-0047 長野県諏訪郡下諏訪町１０６１６７１８ 赤砂崎公園,36.0595044,138.07652360000003,https://suwanowa.jp/,https://maps.google.com/?cid=11534992300934886707&g_mp=Cidnb29nbGUubWFwcy5wbGFjZXMudjEuUGxhY2VzLlNlYXJjaFRleHQQAhgBIAA&hl=ja&gl=jp&source=apiv3,,4,51,0266-78-3933,5,5,,,,promote,,昼/午後/夜,,,,,2026-09-07,yes,no,yes,no,yes,yes,yes,10:00,17:00,,,,,日・月・水・金・土,10:00-17:00,火・木,,yes,yes,yes,yes,yes,,yes,yes,yes,yes,yes,,,,,,,,,,,,,,,,,,,,,,,,,,,,,,
R046,プライム太一,飲食店,中華・和食,ラーメン・定食,〒393-0000 長野県諏訪郡下諏訪町４３５５−７,36.068032099999996,138.07574169999998,,https://maps.google.com/?cid=13202926284453764918&g_mp=Cidnb29nbGUubWFwcy5wbGFjZXMudjEuUGxhY2VzLlNlYXJjaFRleHQQAhgBIAA&hl=ja&gl=jp&source=apiv3,,4.2,355,0266-28-9178,5,5,,,,promote,,昼/午後/夜,観光客/地元/家族,,,,2026-09-07,no,no,yes,yes,yes,yes,yes,11:00,15:30,17:00,21:00,,,日・水・木・金・土,11:00-15:30 / 17:00-21:00,月・火,,no,yes,yes,yes,yes,,yes,yes,yes,yes,,,,,,,,,,,,,,,,,,,,,,,,,,,,,,,
R047,デニーズ 下諏訪店,飲食店,ファミリーレストラン,,〒393-0000 長野県諏訪郡下諏訪町４５２５−１,36.0663196,138.08003259999998,https://shop.dennys.jp/map/2290/,https://maps.google.com/?cid=9113268267984610418&g_mp=Cidnb29nbGUubWFwcy5wbGFjZXMudjEuUGxhY2VzLlNlYXJjaFRleHQQAhgBIAA&hl=ja&gl=jp&source=apiv3,,3.6,482,080-3456-9821,4,4,,,,promote,,朝/昼/夜,観光客/地元,,,,2026-09-05,yes,yes,yes,yes,yes,yes,yes,06:00,00:00,,,,,毎日,06:00-00:00,,yes,yes,yes,yes,yes,,,yes,yes,yes,yes,yes,,,,,,,,,,,,,,,,,,,,,,,,,,,,,,
R048,ハルピンラーメン下諏訪町役場前店,飲食店,ラーメン,,〒393-0087 長野県諏訪郡下諏訪町西鷹野町４７５０−１,36.069127,138.0807216,http://harupin.jp/group/harbin.php,https://maps.google.com/?cid=12867553925352764256&g_mp=Cidnb29nbGUubWFwcy5wbGFjZXMudjEuUGxhY2VzLlNlYXJjaFRleHQQAhgBIAA&hl=ja&gl=jp&source=apiv3,,3.9,834,0266-28-5888,5,5,,,,promote,,昼/午後/夜,観光客/地元,,,,2026-09-07,yes,yes,yes,yes,yes,yes,yes,11:00,22:00,,,,,毎日,11:00-22:00,,,,yes,yes,,yes,,yes,,,yes,yes,,,,,,,,,,,,,,,,,,,,,,,,,,,,,,
R049,お食事 山花,飲食店,定食,,〒393-0093 長野県諏訪郡下諏訪町社６６４２,36.082583,138.07537,http://yamahana.es.land.to/index.html,https://maps.google.com/?cid=7522317914837093836&g_mp=Cidnb29nbGUubWFwcy5wbGFjZXMudjEuUGxhY2VzLlNlYXJjaFRleHQQAhgBIAA&hl=ja&gl=jp&source=apiv3,,4.2,54,0266-28-4818,5,5,,,,promote,,,観光客/地元,,,,2026-09-05,no,yes,yes,yes,yes,yes,yes,11:30,13:30,17:30,21:00,18:00,22:00,日・火・水・木・金・土,11:30-13:30 / 17:30-21:00 / 18:00-22:00,月,,,yes,yes,yes,,,yes,,,,,,,,,,,,,,,,,,,,,,,,,,,,,,,,,,
R050,とんかつ 丸一,飲食店,とんかつ,,〒393-0017 長野県諏訪郡下諏訪町湯田仲町３１６７,36.076761499999996,138.0873069,https://www.lcv.ne.jp/~masahaya/main.html,https://maps.google.com/?cid=11567797034418411171&g_mp=Cidnb29nbGUubWFwcy5wbGFjZXMudjEuUGxhY2VzLlNlYXJjaFRleHQQAhgBIAA&hl=ja&gl=jp&source=apiv3,,4.2,497,0266-27-3860,5,5,,,,promote,,昼/夜,観光客/地元,,,,2026-09-07,yes,yes,no,yes,yes,yes,yes,11:30,13:00,17:00,19:00,,,日・月・火・木・金・土,11:30-13:00 / 17:00-19:00,水,,,yes,yes,,yes,,yes,,,,,,,,,,,,,,,,,,,,,,,,,,,,,,,,,,
R051,南大門,飲食店,焼肉,,〒393-0033 長野県諏訪郡下諏訪町南高木１０６１６−２７３,36.063055000000006,138.10580099999999,https://www.nandaimon-suwa.com/,https://maps.google.com/?cid=15807007630303452983&g_mp=Cidnb29nbGUubWFwcy5wbGFjZXMudjEuUGxhY2VzLlNlYXJjaFRleHQQAhgBIAA&hl=ja&gl=jp&source=apiv3,,4.3,557,0266-28-1657,5,5,,,,promote,,昼/夜,観光客/地元,,,,2026-09-07,yes,yes,yes,no,yes,yes,yes,11:00,20:30,11:00,15:00,17:00,20:30,日・月・火・水・金・土,11:00-20:30 / 11:00-15:00 / 17:00-20:30,木,,,yes,yes,,yes,,yes,,,,,,,,,,,,,,,,,,,,,,,,,,,,,,,,,,
R052,ホルツ しもすわ店,飲食店,大衆レストラン,,〒393-0000 長野県諏訪郡下諏訪町南高木１０６１６−１,36.0622241,138.10640089999998,https://peraichi.com/landing_pages/view/holz20/,https://maps.google.com/?cid=5125978679471805167&g_mp=Cidnb29nbGUubWFwcy5wbGFjZXMudjEuUGxhY2VzLlNlYXJjaFRleHQQAhgBIAA&hl=ja&gl=jp&source=apiv3,,4.1,704,0266-26-2628,4,4,,,,promote,,昼/午後/夜,,,,,2026-09-07,yes,yes,yes,yes,yes,yes,yes,09:00,20:00,10:00,20:00,,,毎日,09:00-20:00 / 10:00-20:00,,,yes,yes,yes,yes,yes,,yes,,yes,yes,,,,,,,,,,,,,,,,,,,,,,,,,,,,,,,
R053,元祖 塩天丼,飲食店,天ぷら,,〒393-0033 長野県諏訪郡下諏訪町高木１０６１６,36.0639448,138.10477880000002,https://sioten.hp.peraichi.com/japanese_tendon,https://maps.google.com/?cid=888078461482909526&g_mp=Cidnb29nbGUubWFwcy5wbGFjZXMudjEuUGxhY2VzLlNlYXJjaFRleHQQAhgBIAA&hl=ja&gl=jp&source=apiv3,,3.9,398,0266-26-1538,4,4,,,,promote,,昼/夜,,,,,2026-09-07,yes,no,yes,yes,yes,yes,yes,11:00,14:30,17:30,20:00,11:00,14:00,日・月・水・木・金・土,11:00-14:30 / 17:30-20:00 / 11:00-14:00 / 17:30-20:30,火,,,yes,yes,,yes,,yes,,,,,,,,,,,,,,,,,,,,,,,,,,,,,,,,,,
R054,信州山麓カフェテラス,飲食店,cafe,,〒393-0046 長野県諏訪郡下諏訪町東赤砂４７０５−３,36.063666,138.083148,https://36cafe.jp/,https://maps.google.com/?cid=7549891675885562982&g_mp=Cidnb29nbGUubWFwcy5wbGFjZXMudjEuUGxhY2VzLlNlYXJjaFRleHQQAhgBIAA&hl=ja&gl=jp&source=apiv3,,4.4,90,0266-78-3675,5,5,,,,promote,,昼/午後,,,,,2026-09-07,no,yes,yes,yes,yes,yes,no,10:30,16:30,13:30,16:30,,,火・水・木・金・土,10:30-16:30 / 13:30-16:30,日・月,,yes,yes,,yes,yes,,yes,,,,yes,,,,,,,,,,,,,,,,,,,,,,,,,,,,,,
L002,下諏訪ヘリポート,ランドマーク,ヘリポート（広場）,,〒10944 長野県諏訪郡下諏訪町,36.0598745,138.07929199999998,http://www.town.shimosuwa.lg.jp/www/contents/1551316194486/index.html,https://maps.google.com/?cid=5698737530801482516&g_mp=Cidnb29nbGUubWFwcy5wbGFjZXMudjEuUGxhY2VzLlNlYXJjaFRleHQQAhgBIAA&hl=ja&gl=jp&source=apiv3,,5,2,,4,4,,,,normal,,,,,,,2026-09-07,yes,yes,yes,yes,yes,yes,yes,00:00,24:00,,,,,毎日,0:00-24:00,,,,,,yes,,,no,,,yes,,気持ちよく過ごす,,,,,,,,,,,,,,,,,,,,,,,,,,,,,